date,error_code,count,platform
2024-07-01,BANK_TIMEOUT,1,ios
2024-07-01,PAYMENT_PROVIDER_ERROR,7,android
2024-07-01,PAYMENT_PROVIDER_ERROR,4,ios
2024-07-01,PAYMENT_PROVIDER_ERROR,1,web
2024-07-01,UPI_CALLBACK_TIMEOUT,2,android
2024-07-01,UPI_CALLBACK_TIMEOUT,2,web
2024-07-02,BANK_TIMEOUT,1,android
2024-07-02,PAYMENT_PROVIDER_ERROR,2,android
2024-07-02,PAYMENT_PROVIDER_ERROR,1,ios
2024-07-02,PAYMENT_PROVIDER_ERROR,3,web
2024-07-02,TRANSACTION_REVERSED,1,android
2024-07-02,UPI_CALLBACK_TIMEOUT,3,android
2024-07-02,UPI_CALLBACK_TIMEOUT,2,web
2024-07-02,UPI_COLLECT_PENDING,1,android
2024-07-02,UPI_COLLECT_PENDING,1,ios
2024-07-03,BANK_TIMEOUT,1,web
2024-07-03,PAYMENT_PROVIDER_ERROR,4,android
2024-07-03,PAYMENT_PROVIDER_ERROR,3,ios
2024-07-03,PAYMENT_PROVIDER_ERROR,2,web
2024-07-04,PAYMENT_PROVIDER_ERROR,7,android
2024-07-04,PAYMENT_PROVIDER_ERROR,3,web
2024-07-04,UPI_CALLBACK_TIMEOUT,1,android
2024-07-04,UPI_COLLECT_PENDING,1,android
2024-07-05,PAYMENT_PROVIDER_ERROR,1,android
2024-07-05,PAYMENT_PROVIDER_ERROR,3,ios
2024-07-05,UPI_CALLBACK_TIMEOUT,1,web
2024-07-06,PAYMENT_PROVIDER_ERROR,3,android
2024-07-06,PAYMENT_PROVIDER_ERROR,1,ios
2024-07-06,PAYMENT_PROVIDER_ERROR,4,web
2024-07-06,UPI_CALLBACK_TIMEOUT,2,android
2024-07-06,UPI_CALLBACK_TIMEOUT,1,web
2024-07-06,UPI_COLLECT_PENDING,1,android
2024-07-07,PAYMENT_PROVIDER_ERROR,3,android
2024-07-07,PAYMENT_PROVIDER_ERROR,1,ios
2024-07-07,PAYMENT_PROVIDER_ERROR,4,web
2024-07-07,UPI_CALLBACK_TIMEOUT,4,android
2024-07-07,UPI_CALLBACK_TIMEOUT,2,ios
2024-07-07,UPI_CALLBACK_TIMEOUT,1,web
2024-07-07,UPI_COLLECT_PENDING,1,ios
2024-07-08,PAYMENT_PROVIDER_ERROR,7,android
2024-07-08,PAYMENT_PROVIDER_ERROR,3,ios
2024-07-08,PAYMENT_PROVIDER_ERROR,3,web
2024-07-08,UPI_CALLBACK_TIMEOUT,4,android
2024-07-09,PAYMENT_PROVIDER_ERROR,6,android
2024-07-09,PAYMENT_PROVIDER_ERROR,2,ios
2024-07-09,PAYMENT_PROVIDER_ERROR,1,web
2024-07-09,TRANSACTION_REVERSED,1,ios
2024-07-09,UPI_CALLBACK_TIMEOUT,1,android
2024-07-09,UPI_CALLBACK_TIMEOUT,2,web
2024-07-10,BANK_TIMEOUT,1,android
2024-07-10,PAYMENT_PROVIDER_ERROR,6,android
2024-07-10,PAYMENT_PROVIDER_ERROR,2,ios
2024-07-10,PAYMENT_PROVIDER_ERROR,1,web
2024-07-10,UPI_CALLBACK_TIMEOUT,1,android
2024-07-10,UPI_CALLBACK_TIMEOUT,2,web
2024-07-11,PAYMENT_PROVIDER_ERROR,8,android
2024-07-11,PAYMENT_PROVIDER_ERROR,4,web
2024-07-11,UPI_CALLBACK_TIMEOUT,2,web
2024-07-11,UPI_COLLECT_PENDING,1,web
2024-07-12,BANK_TIMEOUT,1,android
2024-07-12,PAYMENT_PROVIDER_ERROR,2,android
2024-07-12,PAYMENT_PROVIDER_ERROR,2,web
2024-07-12,TRANSACTION_REVERSED,1,android
2024-07-12,UPI_CALLBACK_TIMEOUT,4,android
2024-07-13,PAYMENT_PROVIDER_ERROR,11,android
2024-07-13,PAYMENT_PROVIDER_ERROR,3,ios
2024-07-13,PAYMENT_PROVIDER_ERROR,2,web
2024-07-13,UPI_CALLBACK_TIMEOUT,3,android
2024-07-13,UPI_CALLBACK_TIMEOUT,3,web
2024-07-13,UPI_COLLECT_PENDING,1,ios
2024-07-14,PAYMENT_PROVIDER_ERROR,7,android
2024-07-14,PAYMENT_PROVIDER_ERROR,2,ios
2024-07-14,PAYMENT_PROVIDER_ERROR,3,web
2024-07-14,UPI_CALLBACK_TIMEOUT,3,android
2024-07-14,UPI_CALLBACK_TIMEOUT,1,ios
2024-07-14,UPI_COLLECT_PENDING,1,ios
2024-07-15,PAYMENT_PROVIDER_ERROR,7,android
2024-07-15,PAYMENT_PROVIDER_ERROR,4,ios
2024-07-15,UPI_CALLBACK_TIMEOUT,3,android
2024-07-15,UPI_CALLBACK_TIMEOUT,1,web
2024-07-16,BANK_TIMEOUT,2,android
2024-07-16,BANK_TIMEOUT,1,ios
2024-07-16,PAYMENT_PROVIDER_ERROR,5,android
2024-07-16,PAYMENT_PROVIDER_ERROR,4,web
2024-07-16,TRANSACTION_REVERSED,1,android
2024-07-16,UPI_CALLBACK_TIMEOUT,1,android
2024-07-16,UPI_CALLBACK_TIMEOUT,2,ios
2024-07-16,UPI_CALLBACK_TIMEOUT,1,web
2024-07-17,BANK_TIMEOUT,1,android
2024-07-17,PAYMENT_PROVIDER_ERROR,8,android
2024-07-17,PAYMENT_PROVIDER_ERROR,1,ios
2024-07-17,PAYMENT_PROVIDER_ERROR,5,web
2024-07-17,TRANSACTION_REVERSED,1,web
2024-07-17,UPI_CALLBACK_TIMEOUT,3,android
2024-07-17,UPI_COLLECT_PENDING,1,android
2024-07-18,BANK_TIMEOUT,1,ios
2024-07-18,PAYMENT_PROVIDER_ERROR,3,android
2024-07-18,PAYMENT_PROVIDER_ERROR,1,ios
2024-07-18,PAYMENT_PROVIDER_ERROR,4,web
2024-07-18,UPI_CALLBACK_TIMEOUT,3,android
2024-07-18,UPI_CALLBACK_TIMEOUT,1,ios
2024-07-18,UPI_CALLBACK_TIMEOUT,1,web
2024-07-18,UPI_COLLECT_PENDING,1,web
2024-07-19,PAYMENT_PROVIDER_ERROR,6,android
2024-07-19,PAYMENT_PROVIDER_ERROR,3,ios
2024-07-19,PAYMENT_PROVIDER_ERROR,4,web
2024-07-19,TRANSACTION_REVERSED,1,web
2024-07-19,UPI_CALLBACK_TIMEOUT,1,ios
2024-07-19,UPI_COLLECT_PENDING,1,android
2024-07-19,UPI_COLLECT_PENDING,1,ios
2024-07-19,UPI_COLLECT_PENDING,1,web
2024-07-20,PAYMENT_PROVIDER_ERROR,9,android
2024-07-20,PAYMENT_PROVIDER_ERROR,1,ios
2024-07-20,PAYMENT_PROVIDER_ERROR,5,web
2024-07-20,UPI_CALLBACK_TIMEOUT,4,android
2024-07-20,UPI_CALLBACK_TIMEOUT,1,ios
2024-07-20,UPI_CALLBACK_TIMEOUT,2,web
2024-07-21,PAYMENT_PROVIDER_ERROR,2,android
2024-07-21,PAYMENT_PROVIDER_ERROR,3,ios
2024-07-21,PAYMENT_PROVIDER_ERROR,6,web
2024-07-21,UPI_CALLBACK_TIMEOUT,3,android
2024-07-21,UPI_CALLBACK_TIMEOUT,1,ios
2024-07-21,UPI_CALLBACK_TIMEOUT,1,web
2024-07-22,BANK_TIMEOUT,1,android
2024-07-22,PAYMENT_PROVIDER_ERROR,1,android
2024-07-22,PAYMENT_PROVIDER_ERROR,1,ios
2024-07-22,PAYMENT_PROVIDER_ERROR,2,web
2024-07-22,UPI_CALLBACK_TIMEOUT,4,android
2024-07-22,UPI_CALLBACK_TIMEOUT,1,ios
2024-07-23,PAYMENT_PROVIDER_ERROR,5,android
2024-07-23,PAYMENT_PROVIDER_ERROR,1,ios
2024-07-23,PAYMENT_PROVIDER_ERROR,2,web
2024-07-23,UPI_CALLBACK_TIMEOUT,1,android
2024-07-23,UPI_CALLBACK_TIMEOUT,1,ios
2024-07-24,PAYMENT_PROVIDER_ERROR,4,android
2024-07-24,PAYMENT_PROVIDER_ERROR,2,ios
2024-07-24,PAYMENT_PROVIDER_ERROR,3,web
2024-07-24,TRANSACTION_REVERSED,1,web
2024-07-24,UPI_CALLBACK_TIMEOUT,3,android
2024-07-24,UPI_CALLBACK_TIMEOUT,1,web
2024-07-25,PAYMENT_PROVIDER_ERROR,3,android
2024-07-25,PAYMENT_PROVIDER_ERROR,2,ios
2024-07-25,PAYMENT_PROVIDER_ERROR,3,web
2024-07-25,TRANSACTION_REVERSED,1,android
2024-07-25,UPI_CALLBACK_TIMEOUT,4,android
2024-07-25,UPI_CALLBACK_TIMEOUT,2,ios
2024-07-25,UPI_COLLECT_PENDING,1,web
2024-07-26,PAYMENT_PROVIDER_ERROR,6,android
2024-07-26,PAYMENT_PROVIDER_ERROR,1,web
2024-07-26,UPI_CALLBACK_TIMEOUT,1,android
2024-07-27,PAYMENT_PROVIDER_ERROR,7,android
2024-07-27,PAYMENT_PROVIDER_ERROR,4,ios
2024-07-27,TRANSACTION_REVERSED,1,android
2024-07-27,UPI_CALLBACK_TIMEOUT,2,android
2024-07-27,UPI_CALLBACK_TIMEOUT,1,ios
2024-07-27,UPI_COLLECT_PENDING,1,web
2024-07-28,BANK_TIMEOUT,1,android
2024-07-28,PAYMENT_PROVIDER_ERROR,10,android
2024-07-28,PAYMENT_PROVIDER_ERROR,4,web
2024-07-28,TRANSACTION_REVERSED,1,ios
2024-07-28,UPI_CALLBACK_TIMEOUT,1,android
2024-07-28,UPI_CALLBACK_TIMEOUT,2,ios
2024-07-28,UPI_CALLBACK_TIMEOUT,1,web
2024-07-28,UPI_COLLECT_PENDING,1,android
2024-07-29,PAYMENT_PROVIDER_ERROR,4,android
2024-07-29,PAYMENT_PROVIDER_ERROR,2,ios
2024-07-29,PAYMENT_PROVIDER_ERROR,1,web
2024-07-29,UPI_CALLBACK_TIMEOUT,1,android
2024-07-29,UPI_CALLBACK_TIMEOUT,2,ios
2024-07-30,BANK_TIMEOUT,1,android
2024-07-30,PAYMENT_PROVIDER_ERROR,5,android
2024-07-30,UPI_CALLBACK_TIMEOUT,1,ios
2024-07-31,PAYMENT_PROVIDER_ERROR,5,android
2024-07-31,PAYMENT_PROVIDER_ERROR,1,web
2024-07-31,UPI_CALLBACK_TIMEOUT,1,android
2024-08-01,PAYMENT_PROVIDER_ERROR,1,android
2024-08-01,PAYMENT_PROVIDER_ERROR,1,ios
2024-08-01,PAYMENT_PROVIDER_ERROR,1,web
2024-08-01,UPI_CALLBACK_TIMEOUT,4,android
2024-08-01,UPI_CALLBACK_TIMEOUT,1,web
2024-08-02,PAYMENT_PROVIDER_ERROR,5,android
2024-08-02,UPI_CALLBACK_TIMEOUT,5,android
2024-08-02,UPI_CALLBACK_TIMEOUT,1,web
2024-08-03,PAYMENT_PROVIDER_ERROR,3,android
2024-08-03,PAYMENT_PROVIDER_ERROR,5,ios
2024-08-03,PAYMENT_PROVIDER_ERROR,2,web
2024-08-03,UPI_CALLBACK_TIMEOUT,1,android
2024-08-03,UPI_CALLBACK_TIMEOUT,1,ios
2024-08-04,BANK_TIMEOUT,1,android
2024-08-04,PAYMENT_PROVIDER_ERROR,5,android
2024-08-04,PAYMENT_PROVIDER_ERROR,2,ios
2024-08-04,PAYMENT_PROVIDER_ERROR,1,web
2024-08-04,UPI_CALLBACK_TIMEOUT,4,android
2024-08-04,UPI_CALLBACK_TIMEOUT,1,ios
2024-08-04,UPI_CALLBACK_TIMEOUT,1,web
2024-08-04,UPI_COLLECT_PENDING,1,ios
2024-08-05,BANK_TIMEOUT,1,android
2024-08-05,PAYMENT_PROVIDER_ERROR,5,android
2024-08-05,PAYMENT_PROVIDER_ERROR,1,web
2024-08-05,UPI_CALLBACK_TIMEOUT,2,android
2024-08-05,UPI_CALLBACK_TIMEOUT,1,web
2024-08-05,UPI_COLLECT_PENDING,1,web
2024-08-06,BANK_TIMEOUT,1,web
2024-08-06,PAYMENT_PROVIDER_ERROR,3,android
2024-08-06,PAYMENT_PROVIDER_ERROR,3,ios
2024-08-06,UPI_CALLBACK_TIMEOUT,3,android
2024-08-06,UPI_CALLBACK_TIMEOUT,1,ios
2024-08-06,UPI_COLLECT_PENDING,2,android
2024-08-07,BANK_TIMEOUT,1,android
2024-08-07,BANK_TIMEOUT,1,ios
2024-08-07,PAYMENT_PROVIDER_ERROR,9,android
2024-08-07,PAYMENT_PROVIDER_ERROR,3,ios
2024-08-07,PAYMENT_PROVIDER_ERROR,2,web
2024-08-07,TRANSACTION_REVERSED,1,android
2024-08-07,UPI_CALLBACK_TIMEOUT,2,android
2024-08-07,UPI_CALLBACK_TIMEOUT,2,ios
2024-08-08,BANK_TIMEOUT,4,android
2024-08-08,PAYMENT_PROVIDER_ERROR,5,android
2024-08-08,PAYMENT_PROVIDER_ERROR,1,ios
2024-08-08,TRANSACTION_REVERSED,1,android
2024-08-08,UPI_CALLBACK_TIMEOUT,2,android
2024-08-08,UPI_CALLBACK_TIMEOUT,1,ios
2024-08-08,UPI_CALLBACK_TIMEOUT,2,web
2024-08-09,PAYMENT_PROVIDER_ERROR,1,android
2024-08-09,PAYMENT_PROVIDER_ERROR,2,ios
2024-08-09,PAYMENT_PROVIDER_ERROR,2,web
2024-08-09,UPI_CALLBACK_TIMEOUT,2,android
2024-08-09,UPI_CALLBACK_TIMEOUT,1,ios
2024-08-10,BANK_TIMEOUT,1,android
2024-08-10,PAYMENT_PROVIDER_ERROR,6,android
2024-08-10,PAYMENT_PROVIDER_ERROR,3,ios
2024-08-10,PAYMENT_PROVIDER_ERROR,2,web
2024-08-10,UPI_CALLBACK_TIMEOUT,1,android
2024-08-10,UPI_CALLBACK_TIMEOUT,1,ios
2024-08-10,UPI_CALLBACK_TIMEOUT,1,web
2024-08-11,PAYMENT_PROVIDER_ERROR,5,android
2024-08-11,PAYMENT_PROVIDER_ERROR,3,ios
2024-08-11,PAYMENT_PROVIDER_ERROR,2,web
2024-08-11,TRANSACTION_REVERSED,1,android
2024-08-11,UPI_CALLBACK_TIMEOUT,2,android
2024-08-12,PAYMENT_PROVIDER_ERROR,4,android
2024-08-12,PAYMENT_PROVIDER_ERROR,3,web
2024-08-12,UPI_CALLBACK_TIMEOUT,3,android
2024-08-12,UPI_CALLBACK_TIMEOUT,1,ios
2024-08-12,UPI_CALLBACK_TIMEOUT,3,web
2024-08-12,UPI_COLLECT_PENDING,1,android
2024-08-12,UPI_COLLECT_PENDING,1,web
2024-08-13,PAYMENT_PROVIDER_ERROR,2,android
2024-08-13,PAYMENT_PROVIDER_ERROR,1,ios
2024-08-13,PAYMENT_PROVIDER_ERROR,4,web
2024-08-13,UPI_CALLBACK_TIMEOUT,1,android
2024-08-13,UPI_CALLBACK_TIMEOUT,1,ios
2024-08-13,UPI_COLLECT_PENDING,1,android
2024-08-14,PAYMENT_PROVIDER_ERROR,4,android
2024-08-14,PAYMENT_PROVIDER_ERROR,3,ios
2024-08-14,PAYMENT_PROVIDER_ERROR,1,web
2024-08-14,TRANSACTION_REVERSED,2,android
2024-08-14,UPI_CALLBACK_TIMEOUT,1,android
2024-08-14,UPI_CALLBACK_TIMEOUT,2,ios
2024-08-15,BANK_TIMEOUT,1,android
2024-08-15,PAYMENT_PROVIDER_ERROR,9,android
2024-08-15,PAYMENT_PROVIDER_ERROR,1,ios
2024-08-15,PAYMENT_PROVIDER_ERROR,1,web
2024-08-15,UPI_CALLBACK_TIMEOUT,3,android
2024-08-15,UPI_CALLBACK_TIMEOUT,2,ios
2024-08-15,UPI_CALLBACK_TIMEOUT,2,web
2024-08-16,PAYMENT_PROVIDER_ERROR,6,android
2024-08-16,PAYMENT_PROVIDER_ERROR,1,ios
2024-08-16,PAYMENT_PROVIDER_ERROR,2,web
2024-08-16,UPI_CALLBACK_TIMEOUT,2,android
2024-08-16,UPI_CALLBACK_TIMEOUT,1,ios
2024-08-17,BANK_TIMEOUT,1,web
2024-08-17,PAYMENT_PROVIDER_ERROR,4,android
2024-08-17,PAYMENT_PROVIDER_ERROR,2,ios
2024-08-17,PAYMENT_PROVIDER_ERROR,6,web
2024-08-17,UPI_CALLBACK_TIMEOUT,6,android
2024-08-17,UPI_CALLBACK_TIMEOUT,1,web
2024-08-17,UPI_COLLECT_PENDING,1,web
2024-08-18,BANK_TIMEOUT,1,ios
2024-08-18,PAYMENT_PROVIDER_ERROR,5,android
2024-08-18,PAYMENT_PROVIDER_ERROR,2,ios
2024-08-18,PAYMENT_PROVIDER_ERROR,2,web
2024-08-18,TRANSACTION_REVERSED,1,ios
2024-08-18,UPI_CALLBACK_TIMEOUT,4,android
2024-08-18,UPI_CALLBACK_TIMEOUT,1,ios
2024-08-18,UPI_CALLBACK_TIMEOUT,1,web
2024-08-18,UPI_COLLECT_PENDING,1,web
2024-08-19,BANK_TIMEOUT,1,ios
2024-08-19,PAYMENT_PROVIDER_ERROR,3,android
2024-08-19,PAYMENT_PROVIDER_ERROR,2,ios
2024-08-19,PAYMENT_PROVIDER_ERROR,4,web
2024-08-19,TRANSACTION_REVERSED,1,ios
2024-08-19,UPI_CALLBACK_TIMEOUT,1,android
2024-08-19,UPI_CALLBACK_TIMEOUT,1,web
2024-08-20,PAYMENT_PROVIDER_ERROR,6,android
2024-08-20,PAYMENT_PROVIDER_ERROR,2,ios
2024-08-20,PAYMENT_PROVIDER_ERROR,2,web
2024-08-20,TRANSACTION_REVERSED,1,android
2024-08-20,UPI_CALLBACK_TIMEOUT,3,android
2024-08-20,UPI_CALLBACK_TIMEOUT,2,ios
2024-08-20,UPI_CALLBACK_TIMEOUT,1,web
2024-08-21,PAYMENT_PROVIDER_ERROR,5,android
2024-08-21,PAYMENT_PROVIDER_ERROR,1,ios
2024-08-21,PAYMENT_PROVIDER_ERROR,2,web
2024-08-21,UPI_CALLBACK_TIMEOUT,2,android
2024-08-21,UPI_CALLBACK_TIMEOUT,1,web
2024-08-21,UPI_COLLECT_PENDING,1,android
2024-08-22,BANK_TIMEOUT,1,android
2024-08-22,PAYMENT_PROVIDER_ERROR,6,android
2024-08-22,PAYMENT_PROVIDER_ERROR,2,ios
2024-08-22,PAYMENT_PROVIDER_ERROR,2,web
2024-08-22,UPI_CALLBACK_TIMEOUT,3,android
2024-08-22,UPI_CALLBACK_TIMEOUT,1,web
2024-08-23,PAYMENT_PROVIDER_ERROR,5,android
2024-08-23,PAYMENT_PROVIDER_ERROR,3,ios
2024-08-23,PAYMENT_PROVIDER_ERROR,1,web
2024-08-23,TRANSACTION_REVERSED,1,android
2024-08-23,UPI_CALLBACK_TIMEOUT,3,android
2024-08-23,UPI_CALLBACK_TIMEOUT,1,web
2024-08-24,PAYMENT_PROVIDER_ERROR,6,android
2024-08-24,PAYMENT_PROVIDER_ERROR,1,ios
2024-08-24,TRANSACTION_REVERSED,1,ios
2024-08-24,UPI_CALLBACK_TIMEOUT,2,android
2024-08-24,UPI_CALLBACK_TIMEOUT,2,ios
2024-08-24,UPI_COLLECT_PENDING,1,android
2024-08-25,BANK_TIMEOUT,1,android
2024-08-25,PAYMENT_PROVIDER_ERROR,10,android
2024-08-25,PAYMENT_PROVIDER_ERROR,7,ios
2024-08-25,PAYMENT_PROVIDER_ERROR,3,web
2024-08-25,UPI_CALLBACK_TIMEOUT,1,android
2024-08-25,UPI_CALLBACK_TIMEOUT,1,web
2024-08-25,UPI_COLLECT_PENDING,1,android
2024-08-26,BANK_TIMEOUT,1,android
2024-08-26,PAYMENT_PROVIDER_ERROR,6,android
2024-08-26,PAYMENT_PROVIDER_ERROR,4,ios
2024-08-26,PAYMENT_PROVIDER_ERROR,1,web
2024-08-26,UPI_CALLBACK_TIMEOUT,1,ios
2024-08-26,UPI_CALLBACK_TIMEOUT,1,web
2024-08-26,UPI_COLLECT_PENDING,1,android
2024-08-27,BANK_TIMEOUT,1,android
2024-08-27,PAYMENT_PROVIDER_ERROR,7,android
2024-08-27,PAYMENT_PROVIDER_ERROR,2,web
2024-08-27,TRANSACTION_REVERSED,1,android
2024-08-27,UPI_CALLBACK_TIMEOUT,3,android
2024-08-27,UPI_CALLBACK_TIMEOUT,1,ios
2024-08-28,PAYMENT_PROVIDER_ERROR,6,android
2024-08-28,PAYMENT_PROVIDER_ERROR,4,web
2024-08-28,UPI_CALLBACK_TIMEOUT,2,web
2024-08-28,UPI_COLLECT_PENDING,1,android
2024-08-29,BANK_TIMEOUT,1,web
2024-08-29,PAYMENT_PROVIDER_ERROR,6,android
2024-08-29,TRANSACTION_REVERSED,1,android
2024-08-29,UPI_CALLBACK_TIMEOUT,4,android
2024-08-29,UPI_CALLBACK_TIMEOUT,2,web
2024-08-29,UPI_COLLECT_PENDING,1,web
2024-08-30,BANK_TIMEOUT,1,android
2024-08-30,PAYMENT_PROVIDER_ERROR,7,android
2024-08-30,PAYMENT_PROVIDER_ERROR,1,web
2024-08-30,UPI_CALLBACK_TIMEOUT,4,android
2024-08-30,UPI_CALLBACK_TIMEOUT,2,ios
2024-08-31,BANK_TIMEOUT,1,ios
2024-08-31,PAYMENT_PROVIDER_ERROR,5,android
2024-08-31,PAYMENT_PROVIDER_ERROR,1,ios
2024-08-31,PAYMENT_PROVIDER_ERROR,1,web
2024-08-31,UPI_CALLBACK_TIMEOUT,1,android
2024-08-31,UPI_CALLBACK_TIMEOUT,1,web
2024-09-01,BANK_TIMEOUT,1,android
2024-09-01,PAYMENT_PROVIDER_ERROR,7,android
2024-09-01,PAYMENT_PROVIDER_ERROR,1,ios
2024-09-01,PAYMENT_PROVIDER_ERROR,2,web
2024-09-01,UPI_CALLBACK_TIMEOUT,4,android
2024-09-01,UPI_CALLBACK_TIMEOUT,2,ios
2024-09-01,UPI_COLLECT_PENDING,1,android
2024-09-02,BANK_TIMEOUT,1,android
2024-09-02,PAYMENT_PROVIDER_ERROR,8,android
2024-09-02,PAYMENT_PROVIDER_ERROR,1,ios
2024-09-02,PAYMENT_PROVIDER_ERROR,1,web
2024-09-02,UPI_CALLBACK_TIMEOUT,1,android
2024-09-02,UPI_CALLBACK_TIMEOUT,1,web
2024-09-02,UPI_COLLECT_PENDING,1,android
2024-09-03,BANK_TIMEOUT,1,web
2024-09-03,PAYMENT_PROVIDER_ERROR,4,android
2024-09-03,PAYMENT_PROVIDER_ERROR,3,ios
2024-09-03,PAYMENT_PROVIDER_ERROR,2,web
2024-09-03,UPI_CALLBACK_TIMEOUT,2,android
2024-09-03,UPI_CALLBACK_TIMEOUT,2,ios
2024-09-03,UPI_CALLBACK_TIMEOUT,1,web
2024-09-04,PAYMENT_PROVIDER_ERROR,5,android
2024-09-04,PAYMENT_PROVIDER_ERROR,1,ios
2024-09-04,PAYMENT_PROVIDER_ERROR,1,web
2024-09-04,UPI_CALLBACK_TIMEOUT,2,android
2024-09-04,UPI_CALLBACK_TIMEOUT,3,ios
2024-09-05,BANK_TIMEOUT,3,android
2024-09-05,PAYMENT_PROVIDER_ERROR,6,android
2024-09-05,PAYMENT_PROVIDER_ERROR,1,ios
2024-09-05,PAYMENT_PROVIDER_ERROR,2,web
2024-09-05,UPI_CALLBACK_TIMEOUT,2,android
2024-09-05,UPI_CALLBACK_TIMEOUT,1,ios
2024-09-05,UPI_CALLBACK_TIMEOUT,2,web
2024-09-06,BANK_TIMEOUT,1,android
2024-09-06,PAYMENT_PROVIDER_ERROR,4,android
2024-09-06,PAYMENT_PROVIDER_ERROR,4,web
2024-09-06,TRANSACTION_REVERSED,1,ios
2024-09-06,UPI_CALLBACK_TIMEOUT,2,android
2024-09-06,UPI_CALLBACK_TIMEOUT,2,web
2024-09-07,PAYMENT_PROVIDER_ERROR,6,android
2024-09-07,PAYMENT_PROVIDER_ERROR,3,ios
2024-09-07,PAYMENT_PROVIDER_ERROR,2,web
2024-09-07,UPI_CALLBACK_TIMEOUT,5,android
2024-09-07,UPI_CALLBACK_TIMEOUT,1,ios
2024-09-07,UPI_CALLBACK_TIMEOUT,1,web
2024-09-08,BANK_TIMEOUT,1,ios
2024-09-08,PAYMENT_PROVIDER_ERROR,6,android
2024-09-08,PAYMENT_PROVIDER_ERROR,2,web
2024-09-08,UPI_CALLBACK_TIMEOUT,1,android
2024-09-08,UPI_CALLBACK_TIMEOUT,4,web
2024-09-09,BANK_TIMEOUT,1,android
2024-09-09,PAYMENT_PROVIDER_ERROR,10,android
2024-09-09,PAYMENT_PROVIDER_ERROR,4,ios
2024-09-09,PAYMENT_PROVIDER_ERROR,2,web
2024-09-09,UPI_CALLBACK_TIMEOUT,6,android
2024-09-10,PAYMENT_PROVIDER_ERROR,8,android
2024-09-10,PAYMENT_PROVIDER_ERROR,1,ios
2024-09-10,PAYMENT_PROVIDER_ERROR,2,web
2024-09-10,UPI_CALLBACK_TIMEOUT,2,android
2024-09-10,UPI_COLLECT_PENDING,1,ios
2024-09-11,BANK_TIMEOUT,1,android
2024-09-11,PAYMENT_PROVIDER_ERROR,8,android
2024-09-11,UPI_CALLBACK_TIMEOUT,1,android
2024-09-11,UPI_CALLBACK_TIMEOUT,1,web
2024-09-11,UPI_COLLECT_PENDING,1,android
2024-09-11,UPI_COLLECT_PENDING,1,web
2024-09-12,PAYMENT_PROVIDER_ERROR,5,android
2024-09-12,PAYMENT_PROVIDER_ERROR,2,ios
2024-09-12,PAYMENT_PROVIDER_ERROR,2,web
2024-09-12,TRANSACTION_REVERSED,1,android
2024-09-12,UPI_CALLBACK_TIMEOUT,2,ios
2024-09-12,UPI_CALLBACK_TIMEOUT,1,web
2024-09-13,BANK_TIMEOUT,1,android
2024-09-13,PAYMENT_PROVIDER_ERROR,7,android
2024-09-13,UPI_CALLBACK_TIMEOUT,2,android
2024-09-14,PAYMENT_PROVIDER_ERROR,6,android
2024-09-14,PAYMENT_PROVIDER_ERROR,3,ios
2024-09-14,PAYMENT_PROVIDER_ERROR,1,web
2024-09-14,TRANSACTION_REVERSED,1,android
2024-09-14,UPI_CALLBACK_TIMEOUT,2,android
2024-09-14,UPI_CALLBACK_TIMEOUT,1,web
2024-09-14,UPI_COLLECT_PENDING,1,android
2024-09-15,PAYMENT_PROVIDER_ERROR,5,android
2024-09-15,PAYMENT_PROVIDER_ERROR,1,ios
2024-09-15,PAYMENT_PROVIDER_ERROR,1,web
2024-09-15,UPI_CALLBACK_TIMEOUT,6,android
2024-09-15,UPI_CALLBACK_TIMEOUT,1,ios
2024-09-15,UPI_CALLBACK_TIMEOUT,2,web
2024-09-15,UPI_COLLECT_PENDING,1,ios
2024-09-16,BANK_TIMEOUT,1,web
2024-09-16,PAYMENT_PROVIDER_ERROR,4,android
2024-09-16,UPI_CALLBACK_TIMEOUT,2,android
2024-09-17,BANK_TIMEOUT,2,android
2024-09-17,BANK_TIMEOUT,1,ios
2024-09-17,BANK_TIMEOUT,1,web
2024-09-17,PAYMENT_PROVIDER_ERROR,5,android
2024-09-17,PAYMENT_PROVIDER_ERROR,2,ios
2024-09-17,TRANSACTION_REVERSED,1,android
2024-09-17,UPI_CALLBACK_TIMEOUT,7,android
2024-09-17,UPI_CALLBACK_TIMEOUT,1,ios
2024-09-18,BANK_TIMEOUT,1,android
2024-09-18,PAYMENT_PROVIDER_ERROR,14,android
2024-09-18,PAYMENT_PROVIDER_ERROR,3,ios
2024-09-18,PAYMENT_PROVIDER_ERROR,2,web
2024-09-18,UPI_CALLBACK_TIMEOUT,4,android
2024-09-18,UPI_COLLECT_PENDING,1,ios
2024-09-19,BANK_TIMEOUT,1,web
2024-09-19,PAYMENT_PROVIDER_ERROR,4,android
2024-09-19,PAYMENT_PROVIDER_ERROR,3,ios
2024-09-19,PAYMENT_PROVIDER_ERROR,3,web
2024-09-19,UPI_CALLBACK_TIMEOUT,1,android
2024-09-20,PAYMENT_PROVIDER_ERROR,5,android
2024-09-20,PAYMENT_PROVIDER_ERROR,1,ios
2024-09-20,UPI_CALLBACK_TIMEOUT,2,android
2024-09-20,UPI_CALLBACK_TIMEOUT,3,ios
2024-09-20,UPI_CALLBACK_TIMEOUT,2,web
2024-09-21,PAYMENT_PROVIDER_ERROR,7,android
2024-09-21,PAYMENT_PROVIDER_ERROR,1,ios
2024-09-21,PAYMENT_PROVIDER_ERROR,2,web
2024-09-21,TRANSACTION_REVERSED,1,android
2024-09-21,UPI_CALLBACK_TIMEOUT,4,android
2024-09-22,PAYMENT_PROVIDER_ERROR,7,android
2024-09-22,PAYMENT_PROVIDER_ERROR,4,ios
2024-09-22,PAYMENT_PROVIDER_ERROR,2,web
2024-09-22,UPI_CALLBACK_TIMEOUT,1,android
2024-09-22,UPI_CALLBACK_TIMEOUT,1,ios
2024-09-23,BANK_TIMEOUT,2,android
2024-09-23,PAYMENT_PROVIDER_ERROR,6,android
2024-09-23,PAYMENT_PROVIDER_ERROR,2,ios
2024-09-23,PAYMENT_PROVIDER_ERROR,2,web
2024-09-23,UPI_CALLBACK_TIMEOUT,3,android
2024-09-23,UPI_CALLBACK_TIMEOUT,1,ios
2024-09-24,BANK_TIMEOUT,1,web
2024-09-24,PAYMENT_PROVIDER_ERROR,5,android
2024-09-24,PAYMENT_PROVIDER_ERROR,2,ios
2024-09-24,PAYMENT_PROVIDER_ERROR,2,web
2024-09-24,UPI_CALLBACK_TIMEOUT,3,android
2024-09-24,UPI_CALLBACK_TIMEOUT,1,ios
2024-09-24,UPI_CALLBACK_TIMEOUT,1,web
2024-09-25,BANK_TIMEOUT,2,android
2024-09-25,PAYMENT_PROVIDER_ERROR,2,android
2024-09-25,PAYMENT_PROVIDER_ERROR,1,ios
2024-09-25,PAYMENT_PROVIDER_ERROR,1,web
2024-09-25,UPI_CALLBACK_TIMEOUT,1,android
2024-09-25,UPI_CALLBACK_TIMEOUT,2,ios
2024-09-25,UPI_COLLECT_PENDING,1,android
2024-09-26,BANK_TIMEOUT,1,android
2024-09-26,PAYMENT_PROVIDER_ERROR,3,android
2024-09-26,PAYMENT_PROVIDER_ERROR,3,ios
2024-09-26,PAYMENT_PROVIDER_ERROR,2,web
2024-09-26,UPI_CALLBACK_TIMEOUT,1,android
2024-09-26,UPI_COLLECT_PENDING,1,ios
2024-09-26,UPI_COLLECT_PENDING,1,web
2024-09-27,BANK_TIMEOUT,3,android
2024-09-27,PAYMENT_PROVIDER_ERROR,2,android
2024-09-27,PAYMENT_PROVIDER_ERROR,1,web
2024-09-27,TRANSACTION_REVERSED,1,web
2024-09-27,UPI_CALLBACK_TIMEOUT,5,android
2024-09-28,BANK_TIMEOUT,1,android
2024-09-28,BANK_TIMEOUT,1,ios
2024-09-28,PAYMENT_PROVIDER_ERROR,8,android
2024-09-28,PAYMENT_PROVIDER_ERROR,3,ios
2024-09-28,PAYMENT_PROVIDER_ERROR,3,web
2024-09-28,TRANSACTION_REVERSED,1,android
2024-09-28,UPI_CALLBACK_TIMEOUT,4,android
2024-09-28,UPI_COLLECT_PENDING,1,android
2024-09-29,BANK_TIMEOUT,1,android
2024-09-29,PAYMENT_PROVIDER_ERROR,5,android
2024-09-29,UPI_CALLBACK_TIMEOUT,1,android
2024-09-29,UPI_CALLBACK_TIMEOUT,1,ios
2024-09-30,PAYMENT_PROVIDER_ERROR,7,android
2024-09-30,PAYMENT_PROVIDER_ERROR,1,ios
2024-09-30,PAYMENT_PROVIDER_ERROR,2,web
2024-09-30,TRANSACTION_REVERSED,1,android
2024-09-30,TRANSACTION_REVERSED,1,ios
2024-09-30,UPI_CALLBACK_TIMEOUT,2,android
2024-09-30,UPI_CALLBACK_TIMEOUT,3,ios
2024-10-01,PAYMENT_PROVIDER_ERROR,5,android
2024-10-01,PAYMENT_PROVIDER_ERROR,2,ios
2024-10-01,PAYMENT_PROVIDER_ERROR,2,web
2024-10-01,UPI_CALLBACK_TIMEOUT,2,android
2024-10-01,UPI_CALLBACK_TIMEOUT,1,ios
2024-10-01,UPI_COLLECT_PENDING,1,ios
2024-10-02,PAYMENT_PROVIDER_ERROR,3,android
2024-10-02,PAYMENT_PROVIDER_ERROR,3,ios
2024-10-02,PAYMENT_PROVIDER_ERROR,2,web
2024-10-02,UPI_CALLBACK_TIMEOUT,3,android
2024-10-03,BANK_TIMEOUT,2,android
2024-10-03,PAYMENT_PROVIDER_ERROR,6,android
2024-10-03,PAYMENT_PROVIDER_ERROR,2,ios
2024-10-03,PAYMENT_PROVIDER_ERROR,2,web
2024-10-03,TRANSACTION_REVERSED,1,android
2024-10-03,UPI_CALLBACK_TIMEOUT,4,android
2024-10-03,UPI_CALLBACK_TIMEOUT,1,web
2024-10-04,PAYMENT_PROVIDER_ERROR,9,android
2024-10-04,PAYMENT_PROVIDER_ERROR,4,ios
2024-10-04,PAYMENT_PROVIDER_ERROR,2,web
2024-10-04,UPI_CALLBACK_TIMEOUT,1,ios
2024-10-04,UPI_CALLBACK_TIMEOUT,1,web
2024-10-04,UPI_COLLECT_PENDING,1,ios
2024-10-05,BANK_TIMEOUT,1,web
2024-10-05,PAYMENT_PROVIDER_ERROR,6,android
2024-10-05,PAYMENT_PROVIDER_ERROR,2,web
2024-10-05,UPI_CALLBACK_TIMEOUT,1,android
2024-10-05,UPI_CALLBACK_TIMEOUT,1,ios
2024-10-05,UPI_CALLBACK_TIMEOUT,2,web
2024-10-06,BANK_TIMEOUT,1,android
2024-10-06,BANK_TIMEOUT,1,web
2024-10-06,PAYMENT_PROVIDER_ERROR,6,android
2024-10-06,PAYMENT_PROVIDER_ERROR,3,ios
2024-10-06,PAYMENT_PROVIDER_ERROR,1,web
2024-10-06,UPI_CALLBACK_TIMEOUT,1,android
2024-10-06,UPI_COLLECT_PENDING,1,android
2024-10-07,PAYMENT_PROVIDER_ERROR,9,android
2024-10-07,PAYMENT_PROVIDER_ERROR,1,ios
2024-10-07,PAYMENT_PROVIDER_ERROR,1,web
2024-10-07,UPI_CALLBACK_TIMEOUT,2,ios
2024-10-07,UPI_CALLBACK_TIMEOUT,1,web
2024-10-08,PAYMENT_PROVIDER_ERROR,5,android
2024-10-08,PAYMENT_PROVIDER_ERROR,1,ios
2024-10-08,PAYMENT_PROVIDER_ERROR,2,web
2024-10-08,UPI_CALLBACK_TIMEOUT,3,android
2024-10-08,UPI_CALLBACK_TIMEOUT,2,ios
2024-10-08,UPI_COLLECT_PENDING,1,android
2024-10-09,PAYMENT_PROVIDER_ERROR,14,android
2024-10-09,PAYMENT_PROVIDER_ERROR,3,ios
2024-10-09,UPI_CALLBACK_TIMEOUT,3,android
2024-10-09,UPI_CALLBACK_TIMEOUT,2,web
2024-10-10,BANK_TIMEOUT,1,ios
2024-10-10,PAYMENT_PROVIDER_ERROR,5,android
2024-10-10,PAYMENT_PROVIDER_ERROR,1,web
2024-10-10,TRANSACTION_REVERSED,1,android
2024-10-10,UPI_CALLBACK_TIMEOUT,1,android
2024-10-10,UPI_CALLBACK_TIMEOUT,1,ios
2024-10-11,BANK_TIMEOUT,1,web
2024-10-11,PAYMENT_PROVIDER_ERROR,6,android
2024-10-11,PAYMENT_PROVIDER_ERROR,4,ios
2024-10-11,PAYMENT_PROVIDER_ERROR,2,web
2024-10-11,UPI_CALLBACK_TIMEOUT,1,web
2024-10-12,PAYMENT_PROVIDER_ERROR,4,android
2024-10-12,PAYMENT_PROVIDER_ERROR,3,ios
2024-10-12,PAYMENT_PROVIDER_ERROR,1,web
2024-10-12,TRANSACTION_REVERSED,2,android
2024-10-12,UPI_CALLBACK_TIMEOUT,2,android
2024-10-13,BANK_TIMEOUT,1,android
2024-10-13,PAYMENT_PROVIDER_ERROR,5,android
2024-10-13,PAYMENT_PROVIDER_ERROR,4,ios
2024-10-13,PAYMENT_PROVIDER_ERROR,1,web
2024-10-13,UPI_CALLBACK_TIMEOUT,1,android
2024-10-13,UPI_CALLBACK_TIMEOUT,1,ios
2024-10-13,UPI_CALLBACK_TIMEOUT,2,web
2024-10-13,UPI_COLLECT_PENDING,1,android
2024-10-14,BANK_TIMEOUT,1,android
2024-10-14,BANK_TIMEOUT,1,ios
2024-10-14,PAYMENT_PROVIDER_ERROR,7,android
2024-10-14,PAYMENT_PROVIDER_ERROR,3,ios
2024-10-14,UPI_CALLBACK_TIMEOUT,4,android
2024-10-14,UPI_CALLBACK_TIMEOUT,1,ios
2024-10-15,PAYMENT_PROVIDER_ERROR,9,android
2024-10-15,PAYMENT_PROVIDER_ERROR,6,ios
2024-10-15,PAYMENT_PROVIDER_ERROR,3,web
2024-10-15,UPI_CALLBACK_TIMEOUT,2,android
2024-10-15,UPI_CALLBACK_TIMEOUT,1,ios
2024-10-15,UPI_CALLBACK_TIMEOUT,1,web
2024-10-16,BANK_TIMEOUT,1,ios
2024-10-16,PAYMENT_PROVIDER_ERROR,3,android
2024-10-16,PAYMENT_PROVIDER_ERROR,2,ios
2024-10-16,PAYMENT_PROVIDER_ERROR,3,web
2024-10-16,TRANSACTION_REVERSED,1,android
2024-10-16,UPI_CALLBACK_TIMEOUT,2,android
2024-10-16,UPI_CALLBACK_TIMEOUT,1,ios
2024-10-16,UPI_CALLBACK_TIMEOUT,1,web
2024-10-16,UPI_COLLECT_PENDING,1,web
2024-10-17,PAYMENT_PROVIDER_ERROR,7,android
2024-10-17,PAYMENT_PROVIDER_ERROR,2,ios
2024-10-17,PAYMENT_PROVIDER_ERROR,2,web
2024-10-17,TRANSACTION_REVERSED,2,android
2024-10-17,UPI_CALLBACK_TIMEOUT,3,android
2024-10-17,UPI_CALLBACK_TIMEOUT,1,ios
2024-10-17,UPI_CALLBACK_TIMEOUT,1,web
2024-10-18,PAYMENT_PROVIDER_ERROR,4,android
2024-10-18,PAYMENT_PROVIDER_ERROR,2,ios
2024-10-18,PAYMENT_PROVIDER_ERROR,2,web
2024-10-18,TRANSACTION_REVERSED,2,web
2024-10-18,UPI_CALLBACK_TIMEOUT,5,android
2024-10-18,UPI_CALLBACK_TIMEOUT,1,web
2024-10-19,PAYMENT_PROVIDER_ERROR,5,android
2024-10-19,PAYMENT_PROVIDER_ERROR,2,ios
2024-10-19,PAYMENT_PROVIDER_ERROR,1,web
2024-10-19,UPI_CALLBACK_TIMEOUT,5,android
2024-10-19,UPI_CALLBACK_TIMEOUT,2,ios
2024-10-20,BANK_TIMEOUT,1,web
2024-10-20,PAYMENT_PROVIDER_ERROR,6,android
2024-10-20,PAYMENT_PROVIDER_ERROR,5,ios
2024-10-20,UPI_CALLBACK_TIMEOUT,2,android
2024-10-20,UPI_CALLBACK_TIMEOUT,1,web
2024-10-20,UPI_COLLECT_PENDING,1,android
2024-10-20,UPI_COLLECT_PENDING,1,ios
2024-10-21,BANK_TIMEOUT,1,ios
2024-10-21,PAYMENT_PROVIDER_ERROR,4,android
2024-10-21,PAYMENT_PROVIDER_ERROR,2,ios
2024-10-21,PAYMENT_PROVIDER_ERROR,1,web
2024-10-21,UPI_CALLBACK_TIMEOUT,3,android
2024-10-21,UPI_CALLBACK_TIMEOUT,1,web
2024-10-21,UPI_COLLECT_PENDING,1,web
2024-10-22,PAYMENT_PROVIDER_ERROR,4,android
2024-10-22,TRANSACTION_REVERSED,1,android
2024-10-22,UPI_CALLBACK_TIMEOUT,3,android
2024-10-22,UPI_CALLBACK_TIMEOUT,1,web
2024-10-22,UPI_COLLECT_PENDING,1,android
2024-10-22,UPI_COLLECT_PENDING,2,web
2024-10-23,BANK_TIMEOUT,2,android
2024-10-23,PAYMENT_PROVIDER_ERROR,4,android
2024-10-23,PAYMENT_PROVIDER_ERROR,1,ios
2024-10-23,PAYMENT_PROVIDER_ERROR,3,web
2024-10-23,UPI_CALLBACK_TIMEOUT,1,android
2024-10-23,UPI_CALLBACK_TIMEOUT,1,ios
2024-10-23,UPI_CALLBACK_TIMEOUT,1,web
2024-10-23,UPI_COLLECT_PENDING,1,web
2024-10-24,BANK_TIMEOUT,1,android
2024-10-24,PAYMENT_PROVIDER_ERROR,6,android
2024-10-24,PAYMENT_PROVIDER_ERROR,1,web
2024-10-24,UPI_CALLBACK_TIMEOUT,2,android
2024-10-24,UPI_CALLBACK_TIMEOUT,1,ios
2024-10-24,UPI_CALLBACK_TIMEOUT,5,web
2024-10-25,BANK_TIMEOUT,1,android
2024-10-25,PAYMENT_PROVIDER_ERROR,4,android
2024-10-25,PAYMENT_PROVIDER_ERROR,2,ios
2024-10-25,PAYMENT_PROVIDER_ERROR,2,web
2024-10-25,TRANSACTION_REVERSED,1,web
2024-10-25,UPI_CALLBACK_TIMEOUT,3,android
2024-10-25,UPI_CALLBACK_TIMEOUT,2,web
2024-10-26,BANK_TIMEOUT,1,android
2024-10-26,PAYMENT_PROVIDER_ERROR,7,android
2024-10-26,PAYMENT_PROVIDER_ERROR,1,ios
2024-10-26,PAYMENT_PROVIDER_ERROR,1,web
2024-10-26,UPI_CALLBACK_TIMEOUT,3,android
2024-10-26,UPI_CALLBACK_TIMEOUT,3,web
2024-10-27,BANK_TIMEOUT,1,android
2024-10-27,BANK_TIMEOUT,1,ios
2024-10-27,PAYMENT_PROVIDER_ERROR,6,android
2024-10-27,PAYMENT_PROVIDER_ERROR,2,ios
2024-10-27,PAYMENT_PROVIDER_ERROR,1,web
2024-10-27,UPI_CALLBACK_TIMEOUT,5,android
2024-10-27,UPI_COLLECT_PENDING,1,ios
2024-10-28,BANK_TIMEOUT,1,android
2024-10-28,PAYMENT_PROVIDER_ERROR,11,android
2024-10-28,PAYMENT_PROVIDER_ERROR,1,ios
2024-10-28,PAYMENT_PROVIDER_ERROR,1,web
2024-10-28,UPI_CALLBACK_TIMEOUT,4,android
2024-10-28,UPI_CALLBACK_TIMEOUT,1,ios
2024-10-28,UPI_CALLBACK_TIMEOUT,1,web
2024-10-28,UPI_COLLECT_PENDING,1,android
2024-10-29,BANK_TIMEOUT,1,web
2024-10-29,PAYMENT_PROVIDER_ERROR,7,android
2024-10-29,PAYMENT_PROVIDER_ERROR,3,ios
2024-10-29,PAYMENT_PROVIDER_ERROR,1,web
2024-10-29,UPI_CALLBACK_TIMEOUT,4,android
2024-10-29,UPI_COLLECT_PENDING,1,ios
2024-10-30,BANK_TIMEOUT,1,android
2024-10-30,PAYMENT_PROVIDER_ERROR,4,android
2024-10-30,PAYMENT_PROVIDER_ERROR,1,ios
2024-10-30,PAYMENT_PROVIDER_ERROR,2,web
2024-10-30,TRANSACTION_REVERSED,1,web
2024-10-30,UPI_CALLBACK_TIMEOUT,3,web
2024-10-30,UPI_COLLECT_PENDING,1,ios
2024-10-31,BANK_TIMEOUT,1,android
2024-10-31,PAYMENT_PROVIDER_ERROR,13,android
2024-10-31,PAYMENT_PROVIDER_ERROR,2,ios
2024-10-31,PAYMENT_PROVIDER_ERROR,2,web
2024-10-31,UPI_CALLBACK_TIMEOUT,2,android
2024-10-31,UPI_CALLBACK_TIMEOUT,2,ios
2024-10-31,UPI_COLLECT_PENDING,1,android
2024-11-01,PAYMENT_PROVIDER_ERROR,6,android
2024-11-01,PAYMENT_PROVIDER_ERROR,1,ios
2024-11-01,PAYMENT_PROVIDER_ERROR,3,web
2024-11-01,TRANSACTION_REVERSED,1,android
2024-11-01,UPI_CALLBACK_TIMEOUT,2,android
2024-11-01,UPI_CALLBACK_TIMEOUT,2,ios
2024-11-01,UPI_CALLBACK_TIMEOUT,2,web
2024-11-01,UPI_COLLECT_PENDING,1,android
2024-11-02,BANK_TIMEOUT,1,android
2024-11-02,PAYMENT_PROVIDER_ERROR,11,android
2024-11-02,PAYMENT_PROVIDER_ERROR,2,ios
2024-11-02,UPI_CALLBACK_TIMEOUT,1,web
2024-11-03,BANK_TIMEOUT,1,ios
2024-11-03,PAYMENT_PROVIDER_ERROR,6,android
2024-11-03,PAYMENT_PROVIDER_ERROR,1,ios
2024-11-03,UPI_CALLBACK_TIMEOUT,4,android
2024-11-03,UPI_CALLBACK_TIMEOUT,1,ios
2024-11-03,UPI_CALLBACK_TIMEOUT,3,web
2024-11-03,UPI_COLLECT_PENDING,1,android
2024-11-03,UPI_COLLECT_PENDING,1,web
2024-11-04,BANK_TIMEOUT,1,web
2024-11-04,PAYMENT_PROVIDER_ERROR,9,android
2024-11-04,PAYMENT_PROVIDER_ERROR,2,ios
2024-11-04,TRANSACTION_REVERSED,1,android
2024-11-04,UPI_CALLBACK_TIMEOUT,1,android
2024-11-04,UPI_CALLBACK_TIMEOUT,1,web
2024-11-04,UPI_COLLECT_PENDING,1,android
2024-11-05,BANK_TIMEOUT,1,ios
2024-11-05,PAYMENT_PROVIDER_ERROR,5,android
2024-11-05,PAYMENT_PROVIDER_ERROR,2,ios
2024-11-05,PAYMENT_PROVIDER_ERROR,2,web
2024-11-05,UPI_CALLBACK_TIMEOUT,1,android
2024-11-05,UPI_CALLBACK_TIMEOUT,2,ios
2024-11-05,UPI_CALLBACK_TIMEOUT,1,web
2024-11-06,BANK_TIMEOUT,1,ios
2024-11-06,PAYMENT_PROVIDER_ERROR,7,android
2024-11-06,PAYMENT_PROVIDER_ERROR,1,ios
2024-11-06,UPI_CALLBACK_TIMEOUT,2,android
2024-11-06,UPI_CALLBACK_TIMEOUT,2,ios
2024-11-06,UPI_CALLBACK_TIMEOUT,1,web
2024-11-06,UPI_COLLECT_PENDING,2,android
2024-11-06,UPI_COLLECT_PENDING,1,ios
2024-11-06,UPI_COLLECT_PENDING,1,web
2024-11-07,BANK_TIMEOUT,1,android
2024-11-07,PAYMENT_PROVIDER_ERROR,4,android
2024-11-07,PAYMENT_PROVIDER_ERROR,2,web
2024-11-07,UPI_CALLBACK_TIMEOUT,1,android
2024-11-07,UPI_CALLBACK_TIMEOUT,3,ios
2024-11-07,UPI_CALLBACK_TIMEOUT,2,web
2024-11-07,UPI_COLLECT_PENDING,1,web
2024-11-08,PAYMENT_PROVIDER_ERROR,8,android
2024-11-08,PAYMENT_PROVIDER_ERROR,4,ios
2024-11-08,TRANSACTION_REVERSED,1,android
2024-11-08,UPI_CALLBACK_TIMEOUT,2,android
2024-11-08,UPI_CALLBACK_TIMEOUT,3,web
2024-11-08,UPI_COLLECT_PENDING,1,android
2024-11-08,UPI_COLLECT_PENDING,1,ios
2024-11-09,BANK_TIMEOUT,1,android
2024-11-09,PAYMENT_PROVIDER_ERROR,10,android
2024-11-09,PAYMENT_PROVIDER_ERROR,1,ios
2024-11-09,PAYMENT_PROVIDER_ERROR,4,web
2024-11-09,TRANSACTION_REVERSED,1,android
2024-11-09,UPI_CALLBACK_TIMEOUT,4,android
2024-11-09,UPI_CALLBACK_TIMEOUT,1,ios
2024-11-09,UPI_CALLBACK_TIMEOUT,1,web
2024-11-09,UPI_COLLECT_PENDING,1,android
2024-11-10,BANK_TIMEOUT,1,android
2024-11-10,PAYMENT_PROVIDER_ERROR,6,android
2024-11-10,PAYMENT_PROVIDER_ERROR,2,ios
2024-11-10,PAYMENT_PROVIDER_ERROR,1,web
2024-11-10,UPI_CALLBACK_TIMEOUT,3,android
2024-11-10,UPI_CALLBACK_TIMEOUT,1,ios
2024-11-10,UPI_CALLBACK_TIMEOUT,2,web
2024-11-10,UPI_COLLECT_PENDING,2,android
2024-11-10,UPI_COLLECT_PENDING,1,ios
2024-11-11,PAYMENT_PROVIDER_ERROR,4,android
2024-11-11,PAYMENT_PROVIDER_ERROR,2,ios
2024-11-11,PAYMENT_PROVIDER_ERROR,2,web
2024-11-11,TRANSACTION_REVERSED,1,android
2024-11-11,UPI_CALLBACK_TIMEOUT,4,android
2024-11-11,UPI_CALLBACK_TIMEOUT,1,web
2024-11-11,UPI_COLLECT_PENDING,1,android
2024-11-12,PAYMENT_PROVIDER_ERROR,3,android
2024-11-12,PAYMENT_PROVIDER_ERROR,1,ios
2024-11-12,TRANSACTION_REVERSED,2,android
2024-11-12,UPI_CALLBACK_TIMEOUT,1,ios
2024-11-12,UPI_CALLBACK_TIMEOUT,1,web
2024-11-13,PAYMENT_PROVIDER_ERROR,3,android
2024-11-13,UPI_CALLBACK_TIMEOUT,3,android
2024-11-13,UPI_CALLBACK_TIMEOUT,1,ios
2024-11-14,PAYMENT_PROVIDER_ERROR,3,android
2024-11-14,PAYMENT_PROVIDER_ERROR,2,ios
2024-11-14,PAYMENT_PROVIDER_ERROR,5,web
2024-11-14,TRANSACTION_REVERSED,1,android
2024-11-14,UPI_CALLBACK_TIMEOUT,2,android
2024-11-14,UPI_CALLBACK_TIMEOUT,1,ios
2024-11-14,UPI_CALLBACK_TIMEOUT,1,web
2024-11-14,UPI_COLLECT_PENDING,1,android
2024-11-15,BANK_TIMEOUT,1,web
2024-11-15,PAYMENT_PROVIDER_ERROR,8,android
2024-11-15,PAYMENT_PROVIDER_ERROR,1,ios
2024-11-15,PAYMENT_PROVIDER_ERROR,2,web
2024-11-15,UPI_CALLBACK_TIMEOUT,4,android
2024-11-15,UPI_CALLBACK_TIMEOUT,1,web
2024-11-15,UPI_COLLECT_PENDING,1,android
2024-11-15,UPI_COLLECT_PENDING,1,web
2024-11-16,BANK_TIMEOUT,1,android
2024-11-16,PAYMENT_PROVIDER_ERROR,5,android
2024-11-16,PAYMENT_PROVIDER_ERROR,2,ios
2024-11-16,PAYMENT_PROVIDER_ERROR,1,web
2024-11-16,UPI_CALLBACK_TIMEOUT,1,android
2024-11-16,UPI_CALLBACK_TIMEOUT,1,web
2024-11-16,UPI_COLLECT_PENDING,1,android
2024-11-17,PAYMENT_PROVIDER_ERROR,3,android
2024-11-17,PAYMENT_PROVIDER_ERROR,1,ios
2024-11-17,PAYMENT_PROVIDER_ERROR,2,web
2024-11-17,UPI_CALLBACK_TIMEOUT,1,android
2024-11-17,UPI_CALLBACK_TIMEOUT,4,ios
2024-11-17,UPI_CALLBACK_TIMEOUT,3,web
2024-11-18,BANK_TIMEOUT,1,ios
2024-11-18,PAYMENT_PROVIDER_ERROR,4,android
2024-11-18,PAYMENT_PROVIDER_ERROR,1,ios
2024-11-18,UPI_CALLBACK_TIMEOUT,2,android
2024-11-19,PAYMENT_PROVIDER_ERROR,5,android
2024-11-19,PAYMENT_PROVIDER_ERROR,1,ios
2024-11-19,PAYMENT_PROVIDER_ERROR,3,web
2024-11-19,TRANSACTION_REVERSED,1,android
2024-11-19,UPI_CALLBACK_TIMEOUT,2,android
2024-11-19,UPI_CALLBACK_TIMEOUT,2,web
2024-11-20,BANK_TIMEOUT,1,ios
2024-11-20,PAYMENT_PROVIDER_ERROR,3,android
2024-11-20,PAYMENT_PROVIDER_ERROR,3,web
2024-11-20,TRANSACTION_REVERSED,1,web
2024-11-20,UPI_CALLBACK_TIMEOUT,3,android
2024-11-20,UPI_COLLECT_PENDING,1,android
2024-11-21,BANK_TIMEOUT,1,android
2024-11-21,PAYMENT_PROVIDER_ERROR,9,android
2024-11-21,PAYMENT_PROVIDER_ERROR,4,ios
2024-11-21,PAYMENT_PROVIDER_ERROR,2,web
2024-11-21,UPI_CALLBACK_TIMEOUT,2,android
2024-11-21,UPI_CALLBACK_TIMEOUT,1,web
2024-11-22,BANK_TIMEOUT,1,android
2024-11-22,PAYMENT_PROVIDER_ERROR,4,android
2024-11-22,PAYMENT_PROVIDER_ERROR,1,ios
2024-11-22,PAYMENT_PROVIDER_ERROR,1,web
2024-11-22,UPI_CALLBACK_TIMEOUT,1,android
2024-11-22,UPI_CALLBACK_TIMEOUT,1,ios
2024-11-22,UPI_CALLBACK_TIMEOUT,1,web
2024-11-22,UPI_COLLECT_PENDING,2,web
2024-11-23,PAYMENT_PROVIDER_ERROR,8,android
2024-11-23,PAYMENT_PROVIDER_ERROR,1,web
2024-11-23,UPI_CALLBACK_TIMEOUT,2,android
2024-11-23,UPI_CALLBACK_TIMEOUT,2,ios
2024-11-23,UPI_CALLBACK_TIMEOUT,2,web
2024-11-24,BANK_TIMEOUT,1,web
2024-11-24,PAYMENT_PROVIDER_ERROR,6,android
2024-11-24,PAYMENT_PROVIDER_ERROR,5,ios
2024-11-24,PAYMENT_PROVIDER_ERROR,1,web
2024-11-24,UPI_COLLECT_PENDING,2,android
2024-11-24,UPI_COLLECT_PENDING,1,ios
2024-11-25,BANK_TIMEOUT,1,web
2024-11-25,PAYMENT_PROVIDER_ERROR,5,android
2024-11-25,PAYMENT_PROVIDER_ERROR,1,ios
2024-11-25,PAYMENT_PROVIDER_ERROR,4,web
2024-11-25,UPI_CALLBACK_TIMEOUT,5,android
2024-11-25,UPI_CALLBACK_TIMEOUT,2,web
2024-11-26,PAYMENT_PROVIDER_ERROR,5,android
2024-11-26,PAYMENT_PROVIDER_ERROR,1,ios
2024-11-26,PAYMENT_PROVIDER_ERROR,3,web
2024-11-26,UPI_CALLBACK_TIMEOUT,2,android
2024-11-26,UPI_CALLBACK_TIMEOUT,2,web
2024-11-26,UPI_COLLECT_PENDING,2,web
2024-11-27,BANK_TIMEOUT,1,android
2024-11-27,BANK_TIMEOUT,1,web
2024-11-27,PAYMENT_PROVIDER_ERROR,8,android
2024-11-27,PAYMENT_PROVIDER_ERROR,2,ios
2024-11-27,TRANSACTION_REVERSED,1,web
2024-11-27,UPI_CALLBACK_TIMEOUT,4,android
2024-11-27,UPI_CALLBACK_TIMEOUT,2,ios
2024-11-27,UPI_COLLECT_PENDING,2,android
2024-11-28,BANK_TIMEOUT,1,web
2024-11-28,PAYMENT_PROVIDER_ERROR,3,android
2024-11-28,PAYMENT_PROVIDER_ERROR,4,ios
2024-11-28,PAYMENT_PROVIDER_ERROR,2,web
2024-11-28,UPI_CALLBACK_TIMEOUT,3,android
2024-11-29,PAYMENT_PROVIDER_ERROR,8,android
2024-11-29,PAYMENT_PROVIDER_ERROR,2,web
2024-11-29,TRANSACTION_REVERSED,1,android
2024-11-29,UPI_CALLBACK_TIMEOUT,3,android
2024-11-29,UPI_CALLBACK_TIMEOUT,1,ios
2024-11-29,UPI_CALLBACK_TIMEOUT,2,web
2024-11-30,BANK_TIMEOUT,1,android
2024-11-30,PAYMENT_PROVIDER_ERROR,5,android
2024-11-30,PAYMENT_PROVIDER_ERROR,2,ios
2024-11-30,PAYMENT_PROVIDER_ERROR,3,web
2024-11-30,UPI_CALLBACK_TIMEOUT,4,android
2024-11-30,UPI_CALLBACK_TIMEOUT,1,web
2024-11-30,UPI_COLLECT_PENDING,1,ios
2024-12-01,PAYMENT_PROVIDER_ERROR,3,android
2024-12-01,PAYMENT_PROVIDER_ERROR,3,ios
2024-12-01,PAYMENT_PROVIDER_ERROR,2,web
2024-12-01,TRANSACTION_REVERSED,1,android
2024-12-01,UPI_CALLBACK_TIMEOUT,3,android
2024-12-01,UPI_CALLBACK_TIMEOUT,1,ios
2024-12-01,UPI_CALLBACK_TIMEOUT,5,web
2024-12-02,BANK_TIMEOUT,1,android
2024-12-02,BANK_TIMEOUT,1,ios
2024-12-02,PAYMENT_PROVIDER_ERROR,11,android
2024-12-02,PAYMENT_PROVIDER_ERROR,1,ios
2024-12-02,PAYMENT_PROVIDER_ERROR,1,web
2024-12-02,UPI_CALLBACK_TIMEOUT,5,android
2024-12-02,UPI_CALLBACK_TIMEOUT,1,ios
2024-12-02,UPI_CALLBACK_TIMEOUT,1,web
2024-12-03,BANK_TIMEOUT,1,web
2024-12-03,PAYMENT_PROVIDER_ERROR,8,android
2024-12-03,PAYMENT_PROVIDER_ERROR,3,ios
2024-12-03,PAYMENT_PROVIDER_ERROR,1,web
2024-12-03,UPI_CALLBACK_TIMEOUT,2,android
2024-12-03,UPI_CALLBACK_TIMEOUT,3,ios
2024-12-04,BANK_TIMEOUT,3,android
2024-12-04,PAYMENT_PROVIDER_ERROR,6,android
2024-12-04,PAYMENT_PROVIDER_ERROR,3,ios
2024-12-04,PAYMENT_PROVIDER_ERROR,3,web
2024-12-04,UPI_CALLBACK_TIMEOUT,3,android
2024-12-04,UPI_CALLBACK_TIMEOUT,1,web
2024-12-05,BANK_TIMEOUT,1,android
2024-12-05,PAYMENT_PROVIDER_ERROR,8,android
2024-12-05,PAYMENT_PROVIDER_ERROR,2,ios
2024-12-05,TRANSACTION_REVERSED,1,ios
2024-12-05,UPI_CALLBACK_TIMEOUT,9,android
2024-12-06,PAYMENT_PROVIDER_ERROR,4,android
2024-12-06,PAYMENT_PROVIDER_ERROR,4,ios
2024-12-06,PAYMENT_PROVIDER_ERROR,1,web
2024-12-06,UPI_CALLBACK_TIMEOUT,4,android
2024-12-06,UPI_CALLBACK_TIMEOUT,2,ios
2024-12-06,UPI_COLLECT_PENDING,1,web
2024-12-07,BANK_TIMEOUT,1,ios
2024-12-07,PAYMENT_PROVIDER_ERROR,10,android
2024-12-07,PAYMENT_PROVIDER_ERROR,2,ios
2024-12-07,PAYMENT_PROVIDER_ERROR,2,web
2024-12-07,UPI_CALLBACK_TIMEOUT,3,android
2024-12-07,UPI_COLLECT_PENDING,2,android
2024-12-08,PAYMENT_PROVIDER_ERROR,4,android
2024-12-08,PAYMENT_PROVIDER_ERROR,6,ios
2024-12-08,PAYMENT_PROVIDER_ERROR,1,web
2024-12-08,UPI_CALLBACK_TIMEOUT,1,ios
2024-12-08,UPI_CALLBACK_TIMEOUT,1,web
2024-12-08,UPI_COLLECT_PENDING,1,android
2024-12-08,UPI_COLLECT_PENDING,1,ios
2024-12-08,UPI_COLLECT_PENDING,1,web
2024-12-09,BANK_TIMEOUT,1,web
2024-12-09,PAYMENT_PROVIDER_ERROR,4,android
2024-12-09,PAYMENT_PROVIDER_ERROR,3,ios
2024-12-09,PAYMENT_PROVIDER_ERROR,1,web
2024-12-09,UPI_CALLBACK_TIMEOUT,4,android
2024-12-09,UPI_CALLBACK_TIMEOUT,4,ios
2024-12-09,UPI_CALLBACK_TIMEOUT,1,web
2024-12-10,BANK_TIMEOUT,2,android
2024-12-10,PAYMENT_PROVIDER_ERROR,6,android
2024-12-10,PAYMENT_PROVIDER_ERROR,3,web
2024-12-10,UPI_CALLBACK_TIMEOUT,2,android
2024-12-10,UPI_CALLBACK_TIMEOUT,1,web
2024-12-11,PAYMENT_PROVIDER_ERROR,4,android
2024-12-11,PAYMENT_PROVIDER_ERROR,1,web
2024-12-11,UPI_CALLBACK_TIMEOUT,1,android
2024-12-11,UPI_CALLBACK_TIMEOUT,2,ios
2024-12-11,UPI_CALLBACK_TIMEOUT,1,web
2024-12-11,UPI_COLLECT_PENDING,1,android
2024-12-12,PAYMENT_PROVIDER_ERROR,3,android
2024-12-12,PAYMENT_PROVIDER_ERROR,5,ios
2024-12-12,PAYMENT_PROVIDER_ERROR,2,web
2024-12-12,UPI_CALLBACK_TIMEOUT,4,android
2024-12-13,BANK_TIMEOUT,1,android
2024-12-13,BANK_TIMEOUT,1,web
2024-12-13,PAYMENT_PROVIDER_ERROR,7,android
2024-12-13,PAYMENT_PROVIDER_ERROR,1,ios
2024-12-13,PAYMENT_PROVIDER_ERROR,4,web
2024-12-13,UPI_CALLBACK_TIMEOUT,2,android
2024-12-13,UPI_CALLBACK_TIMEOUT,1,web
2024-12-13,UPI_COLLECT_PENDING,1,android
2024-12-13,UPI_COLLECT_PENDING,1,ios
2024-12-14,PAYMENT_PROVIDER_ERROR,4,android
2024-12-14,PAYMENT_PROVIDER_ERROR,2,web
2024-12-14,TRANSACTION_REVERSED,1,android
2024-12-14,UPI_CALLBACK_TIMEOUT,3,android
2024-12-14,UPI_CALLBACK_TIMEOUT,2,ios
2024-12-14,UPI_CALLBACK_TIMEOUT,1,web
2024-12-15,BANK_TIMEOUT,1,ios
2024-12-15,BANK_TIMEOUT,1,web
2024-12-15,PAYMENT_PROVIDER_ERROR,10,android
2024-12-15,PAYMENT_PROVIDER_ERROR,1,ios
2024-12-15,PAYMENT_PROVIDER_ERROR,2,web
2024-12-15,UPI_CALLBACK_TIMEOUT,3,android
2024-12-15,UPI_CALLBACK_TIMEOUT,2,ios
2024-12-16,BANK_TIMEOUT,1,android
2024-12-16,PAYMENT_PROVIDER_ERROR,8,android
2024-12-16,PAYMENT_PROVIDER_ERROR,2,web
2024-12-16,UPI_CALLBACK_TIMEOUT,3,android
2024-12-16,UPI_CALLBACK_TIMEOUT,1,ios
2024-12-16,UPI_CALLBACK_TIMEOUT,1,web
2024-12-16,UPI_COLLECT_PENDING,1,android
2024-12-17,BANK_TIMEOUT,1,android
2024-12-17,PAYMENT_PROVIDER_ERROR,14,android
2024-12-17,PAYMENT_PROVIDER_ERROR,6,ios
2024-12-17,PAYMENT_PROVIDER_ERROR,1,web
2024-12-17,UPI_CALLBACK_TIMEOUT,7,android
2024-12-18,PAYMENT_PROVIDER_ERROR,5,android
2024-12-18,PAYMENT_PROVIDER_ERROR,2,ios
2024-12-18,PAYMENT_PROVIDER_ERROR,3,web
2024-12-18,UPI_CALLBACK_TIMEOUT,1,android
2024-12-18,UPI_CALLBACK_TIMEOUT,1,web
2024-12-19,BANK_TIMEOUT,1,android
2024-12-19,PAYMENT_PROVIDER_ERROR,7,android
2024-12-19,PAYMENT_PROVIDER_ERROR,1,ios
2024-12-19,PAYMENT_PROVIDER_ERROR,1,web
2024-12-19,UPI_CALLBACK_TIMEOUT,3,android
2024-12-20,PAYMENT_PROVIDER_ERROR,12,android
2024-12-20,PAYMENT_PROVIDER_ERROR,3,ios
2024-12-20,PAYMENT_PROVIDER_ERROR,3,web
2024-12-20,UPI_CALLBACK_TIMEOUT,3,android
2024-12-21,PAYMENT_PROVIDER_ERROR,7,android
2024-12-21,PAYMENT_PROVIDER_ERROR,1,ios
2024-12-21,PAYMENT_PROVIDER_ERROR,1,web
2024-12-21,UPI_CALLBACK_TIMEOUT,4,android
2024-12-21,UPI_CALLBACK_TIMEOUT,2,ios
2024-12-21,UPI_COLLECT_PENDING,1,android
2024-12-21,UPI_COLLECT_PENDING,1,web
2024-12-22,PAYMENT_PROVIDER_ERROR,4,android
2024-12-22,PAYMENT_PROVIDER_ERROR,1,ios
2024-12-22,PAYMENT_PROVIDER_ERROR,6,web
2024-12-22,UPI_COLLECT_PENDING,1,web
2024-12-23,PAYMENT_PROVIDER_ERROR,5,android
2024-12-23,PAYMENT_PROVIDER_ERROR,2,ios
2024-12-23,PAYMENT_PROVIDER_ERROR,2,web
2024-12-23,TRANSACTION_REVERSED,1,web
2024-12-23,UPI_CALLBACK_TIMEOUT,1,android
2024-12-23,UPI_CALLBACK_TIMEOUT,1,ios
2024-12-23,UPI_COLLECT_PENDING,1,android
2024-12-24,BANK_TIMEOUT,1,android
2024-12-24,PAYMENT_PROVIDER_ERROR,7,android
2024-12-24,PAYMENT_PROVIDER_ERROR,3,ios
2024-12-24,PAYMENT_PROVIDER_ERROR,1,web
2024-12-24,UPI_CALLBACK_TIMEOUT,4,android
2024-12-25,PAYMENT_PROVIDER_ERROR,11,android
2024-12-25,PAYMENT_PROVIDER_ERROR,4,ios
2024-12-25,UPI_CALLBACK_TIMEOUT,6,android
2024-12-25,UPI_CALLBACK_TIMEOUT,1,ios
2024-12-25,UPI_CALLBACK_TIMEOUT,1,web
2024-12-26,BANK_TIMEOUT,1,android
2024-12-26,BANK_TIMEOUT,1,web
2024-12-26,PAYMENT_PROVIDER_ERROR,6,android
2024-12-26,PAYMENT_PROVIDER_ERROR,4,ios
2024-12-26,PAYMENT_PROVIDER_ERROR,2,web
2024-12-26,UPI_CALLBACK_TIMEOUT,5,android
2024-12-26,UPI_CALLBACK_TIMEOUT,1,ios
2024-12-27,BANK_TIMEOUT,1,web
2024-12-27,PAYMENT_PROVIDER_ERROR,10,android
2024-12-27,PAYMENT_PROVIDER_ERROR,1,ios
2024-12-27,PAYMENT_PROVIDER_ERROR,3,web
2024-12-27,UPI_CALLBACK_TIMEOUT,8,android
2024-12-27,UPI_CALLBACK_TIMEOUT,2,ios
2024-12-27,UPI_COLLECT_PENDING,1,android
2024-12-28,PAYMENT_PROVIDER_ERROR,11,android
2024-12-28,PAYMENT_PROVIDER_ERROR,4,ios
2024-12-28,PAYMENT_PROVIDER_ERROR,4,web
2024-12-28,TRANSACTION_REVERSED,1,web
2024-12-28,UPI_CALLBACK_TIMEOUT,3,android
2024-12-28,UPI_CALLBACK_TIMEOUT,3,ios
2024-12-28,UPI_CALLBACK_TIMEOUT,1,web
2024-12-29,BANK_TIMEOUT,1,android
2024-12-29,PAYMENT_PROVIDER_ERROR,4,android
2024-12-29,PAYMENT_PROVIDER_ERROR,1,ios
2024-12-29,PAYMENT_PROVIDER_ERROR,2,web
2024-12-29,UPI_CALLBACK_TIMEOUT,1,android
2024-12-30,BANK_TIMEOUT,2,android
2024-12-30,BANK_TIMEOUT,1,web
2024-12-30,PAYMENT_PROVIDER_ERROR,5,android
2024-12-30,PAYMENT_PROVIDER_ERROR,3,ios
2024-12-30,PAYMENT_PROVIDER_ERROR,3,web
2024-12-30,UPI_CALLBACK_TIMEOUT,3,android
2024-12-30,UPI_CALLBACK_TIMEOUT,2,web
2024-12-31,BANK_TIMEOUT,1,android
2024-12-31,PAYMENT_PROVIDER_ERROR,8,android
2024-12-31,PAYMENT_PROVIDER_ERROR,3,web
2024-12-31,UPI_CALLBACK_TIMEOUT,1,android
2024-12-31,UPI_CALLBACK_TIMEOUT,1,ios
2024-12-31,UPI_CALLBACK_TIMEOUT,1,web
2025-01-01,PAYMENT_PROVIDER_ERROR,5,android
2025-01-01,PAYMENT_PROVIDER_ERROR,1,ios
2025-01-01,PAYMENT_PROVIDER_ERROR,1,web
2025-01-01,UPI_CALLBACK_TIMEOUT,2,android
2025-01-01,UPI_CALLBACK_TIMEOUT,2,ios
2025-01-01,UPI_CALLBACK_TIMEOUT,1,web
2025-01-01,UPI_COLLECT_PENDING,1,ios
2025-01-02,PAYMENT_PROVIDER_ERROR,11,android
2025-01-02,PAYMENT_PROVIDER_ERROR,2,ios
2025-01-02,PAYMENT_PROVIDER_ERROR,2,web
2025-01-02,TRANSACTION_REVERSED,1,web
2025-01-02,UPI_CALLBACK_TIMEOUT,4,android
2025-01-02,UPI_COLLECT_PENDING,1,android
2025-01-02,UPI_COLLECT_PENDING,1,web
2025-01-03,BANK_TIMEOUT,1,android
2025-01-03,PAYMENT_PROVIDER_ERROR,8,android
2025-01-03,PAYMENT_PROVIDER_ERROR,3,ios
2025-01-03,PAYMENT_PROVIDER_ERROR,1,web
2025-01-03,UPI_CALLBACK_TIMEOUT,4,android
2025-01-03,UPI_CALLBACK_TIMEOUT,1,ios
2025-01-03,UPI_CALLBACK_TIMEOUT,1,web
2025-01-03,UPI_COLLECT_PENDING,1,android
2025-01-04,BANK_TIMEOUT,1,web
2025-01-04,PAYMENT_PROVIDER_ERROR,9,android
2025-01-04,PAYMENT_PROVIDER_ERROR,2,ios
2025-01-04,PAYMENT_PROVIDER_ERROR,4,web
2025-01-04,TRANSACTION_REVERSED,1,web
2025-01-04,UPI_CALLBACK_TIMEOUT,2,android
2025-01-04,UPI_CALLBACK_TIMEOUT,1,web
2025-01-05,BANK_TIMEOUT,1,ios
2025-01-05,PAYMENT_PROVIDER_ERROR,12,android
2025-01-05,PAYMENT_PROVIDER_ERROR,1,ios
2025-01-05,PAYMENT_PROVIDER_ERROR,1,web
2025-01-05,UPI_CALLBACK_TIMEOUT,4,android
2025-01-05,UPI_CALLBACK_TIMEOUT,1,ios
2025-01-05,UPI_CALLBACK_TIMEOUT,2,web
2025-01-06,PAYMENT_PROVIDER_ERROR,8,android
2025-01-06,PAYMENT_PROVIDER_ERROR,1,web
2025-01-06,UPI_CALLBACK_TIMEOUT,3,android
2025-01-07,BANK_TIMEOUT,1,ios
2025-01-07,BANK_TIMEOUT,1,web
2025-01-07,PAYMENT_PROVIDER_ERROR,3,android
2025-01-07,PAYMENT_PROVIDER_ERROR,2,web
2025-01-07,UPI_CALLBACK_TIMEOUT,6,android
2025-01-07,UPI_CALLBACK_TIMEOUT,2,ios
2025-01-07,UPI_CALLBACK_TIMEOUT,1,web
2025-01-08,BANK_TIMEOUT,1,web
2025-01-08,PAYMENT_PROVIDER_ERROR,4,android
2025-01-08,PAYMENT_PROVIDER_ERROR,3,ios
2025-01-08,PAYMENT_PROVIDER_ERROR,1,web
2025-01-08,UPI_CALLBACK_TIMEOUT,1,android
2025-01-08,UPI_CALLBACK_TIMEOUT,3,ios
2025-01-08,UPI_CALLBACK_TIMEOUT,2,web
2025-01-08,UPI_COLLECT_PENDING,1,ios
2025-01-09,PAYMENT_PROVIDER_ERROR,5,android
2025-01-09,PAYMENT_PROVIDER_ERROR,2,ios
2025-01-09,PAYMENT_PROVIDER_ERROR,2,web
2025-01-09,TRANSACTION_REVERSED,1,ios
2025-01-09,TRANSACTION_REVERSED,1,web
2025-01-09,UPI_CALLBACK_TIMEOUT,2,android
2025-01-09,UPI_CALLBACK_TIMEOUT,1,ios
2025-01-09,UPI_CALLBACK_TIMEOUT,3,web
2025-01-10,BANK_TIMEOUT,1,android
2025-01-10,PAYMENT_PROVIDER_ERROR,19,android
2025-01-10,PAYMENT_PROVIDER_ERROR,6,ios
2025-01-10,PAYMENT_PROVIDER_ERROR,5,web
2025-01-10,TRANSACTION_REVERSED,15,android
2025-01-10,TRANSACTION_REVERSED,5,ios
2025-01-10,TRANSACTION_REVERSED,4,web
2025-01-10,UPI_CALLBACK_TIMEOUT,6,android
2025-01-10,UPI_CALLBACK_TIMEOUT,5,ios
2025-01-10,UPI_COLLECT_PENDING,13,android
2025-01-10,UPI_COLLECT_PENDING,5,ios
2025-01-10,UPI_COLLECT_PENDING,7,web
2025-01-11,BANK_TIMEOUT,3,android
2025-01-11,PAYMENT_PROVIDER_ERROR,17,android
2025-01-11,PAYMENT_PROVIDER_ERROR,3,ios
2025-01-11,PAYMENT_PROVIDER_ERROR,4,web
2025-01-11,TRANSACTION_REVERSED,11,android
2025-01-11,TRANSACTION_REVERSED,3,ios
2025-01-11,TRANSACTION_REVERSED,5,web
2025-01-11,UPI_CALLBACK_TIMEOUT,8,android
2025-01-11,UPI_CALLBACK_TIMEOUT,5,ios
2025-01-11,UPI_COLLECT_PENDING,19,android
2025-01-11,UPI_COLLECT_PENDING,2,ios
2025-01-11,UPI_COLLECT_PENDING,3,web
2025-01-12,BANK_TIMEOUT,3,android
2025-01-12,BANK_TIMEOUT,1,ios
2025-01-12,PAYMENT_PROVIDER_ERROR,24,android
2025-01-12,PAYMENT_PROVIDER_ERROR,7,ios
2025-01-12,PAYMENT_PROVIDER_ERROR,2,web
2025-01-12,TRANSACTION_REVERSED,17,android
2025-01-12,TRANSACTION_REVERSED,3,ios
2025-01-12,TRANSACTION_REVERSED,4,web
2025-01-12,UPI_CALLBACK_TIMEOUT,6,android
2025-01-12,UPI_CALLBACK_TIMEOUT,3,ios
2025-01-12,UPI_CALLBACK_TIMEOUT,3,web
2025-01-12,UPI_COLLECT_PENDING,14,android
2025-01-12,UPI_COLLECT_PENDING,1,ios
2025-01-12,UPI_COLLECT_PENDING,3,web
2025-01-13,BANK_TIMEOUT,3,android
2025-01-13,BANK_TIMEOUT,1,ios
2025-01-13,PAYMENT_PROVIDER_ERROR,15,android
2025-01-13,PAYMENT_PROVIDER_ERROR,2,ios
2025-01-13,PAYMENT_PROVIDER_ERROR,5,web
2025-01-13,TRANSACTION_REVERSED,13,android
2025-01-13,TRANSACTION_REVERSED,5,ios
2025-01-13,TRANSACTION_REVERSED,1,web
2025-01-13,UPI_CALLBACK_TIMEOUT,7,android
2025-01-13,UPI_CALLBACK_TIMEOUT,1,ios
2025-01-13,UPI_COLLECT_PENDING,15,android
2025-01-13,UPI_COLLECT_PENDING,4,ios
2025-01-13,UPI_COLLECT_PENDING,6,web
2025-01-14,BANK_TIMEOUT,4,android
2025-01-14,PAYMENT_PROVIDER_ERROR,16,android
2025-01-14,PAYMENT_PROVIDER_ERROR,6,ios
2025-01-14,PAYMENT_PROVIDER_ERROR,4,web
2025-01-14,TRANSACTION_REVERSED,17,android
2025-01-14,TRANSACTION_REVERSED,8,ios
2025-01-14,TRANSACTION_REVERSED,3,web
2025-01-14,UPI_CALLBACK_TIMEOUT,18,android
2025-01-14,UPI_CALLBACK_TIMEOUT,1,ios
2025-01-14,UPI_CALLBACK_TIMEOUT,3,web
2025-01-14,UPI_COLLECT_PENDING,11,android
2025-01-14,UPI_COLLECT_PENDING,4,ios
2025-01-15,BANK_TIMEOUT,3,android
2025-01-15,PAYMENT_PROVIDER_ERROR,15,android
2025-01-15,PAYMENT_PROVIDER_ERROR,6,ios
2025-01-15,TRANSACTION_REVERSED,13,android
2025-01-15,TRANSACTION_REVERSED,5,ios
2025-01-15,TRANSACTION_REVERSED,2,web
2025-01-15,UPI_CALLBACK_TIMEOUT,9,android
2025-01-15,UPI_CALLBACK_TIMEOUT,1,ios
2025-01-15,UPI_CALLBACK_TIMEOUT,1,web
2025-01-15,UPI_COLLECT_PENDING,12,android
2025-01-15,UPI_COLLECT_PENDING,2,ios
2025-01-15,UPI_COLLECT_PENDING,3,web
2025-01-16,BANK_TIMEOUT,5,android
2025-01-16,BANK_TIMEOUT,1,ios
2025-01-16,BANK_TIMEOUT,1,web
2025-01-16,PAYMENT_PROVIDER_ERROR,17,android
2025-01-16,PAYMENT_PROVIDER_ERROR,2,ios
2025-01-16,PAYMENT_PROVIDER_ERROR,4,web
2025-01-16,TRANSACTION_REVERSED,13,android
2025-01-16,TRANSACTION_REVERSED,3,web
2025-01-16,UPI_CALLBACK_TIMEOUT,10,android
2025-01-16,UPI_CALLBACK_TIMEOUT,2,ios
2025-01-16,UPI_COLLECT_PENDING,7,android
2025-01-16,UPI_COLLECT_PENDING,3,ios
2025-01-16,UPI_COLLECT_PENDING,1,web
2025-01-17,BANK_TIMEOUT,4,android
2025-01-17,BANK_TIMEOUT,1,ios
2025-01-17,BANK_TIMEOUT,1,web
2025-01-17,PAYMENT_PROVIDER_ERROR,19,android
2025-01-17,PAYMENT_PROVIDER_ERROR,4,ios
2025-01-17,PAYMENT_PROVIDER_ERROR,1,web
2025-01-17,TRANSACTION_REVERSED,13,android
2025-01-17,TRANSACTION_REVERSED,2,ios
2025-01-17,TRANSACTION_REVERSED,3,web
2025-01-17,UPI_CALLBACK_TIMEOUT,8,android
2025-01-17,UPI_CALLBACK_TIMEOUT,3,ios
2025-01-17,UPI_CALLBACK_TIMEOUT,1,web
2025-01-17,UPI_COLLECT_PENDING,10,android
2025-01-17,UPI_COLLECT_PENDING,5,ios
2025-01-17,UPI_COLLECT_PENDING,3,web
2025-01-18,BANK_TIMEOUT,7,android
2025-01-18,PAYMENT_PROVIDER_ERROR,19,android
2025-01-18,PAYMENT_PROVIDER_ERROR,5,ios
2025-01-18,PAYMENT_PROVIDER_ERROR,1,web
2025-01-18,TRANSACTION_REVERSED,15,android
2025-01-18,TRANSACTION_REVERSED,5,ios
2025-01-18,TRANSACTION_REVERSED,4,web
2025-01-18,UPI_CALLBACK_TIMEOUT,10,android
2025-01-18,UPI_CALLBACK_TIMEOUT,6,ios
2025-01-18,UPI_CALLBACK_TIMEOUT,1,web
2025-01-18,UPI_COLLECT_PENDING,16,android
2025-01-18,UPI_COLLECT_PENDING,3,ios
2025-01-18,UPI_COLLECT_PENDING,4,web
2025-01-19,BANK_TIMEOUT,7,android
2025-01-19,BANK_TIMEOUT,1,web
2025-01-19,PAYMENT_PROVIDER_ERROR,23,android
2025-01-19,PAYMENT_PROVIDER_ERROR,4,ios
2025-01-19,PAYMENT_PROVIDER_ERROR,3,web
2025-01-19,TRANSACTION_REVERSED,21,android
2025-01-19,TRANSACTION_REVERSED,5,ios
2025-01-19,TRANSACTION_REVERSED,4,web
2025-01-19,UPI_CALLBACK_TIMEOUT,13,android
2025-01-19,UPI_CALLBACK_TIMEOUT,1,ios
2025-01-19,UPI_CALLBACK_TIMEOUT,1,web
2025-01-19,UPI_COLLECT_PENDING,20,android
2025-01-19,UPI_COLLECT_PENDING,7,ios
2025-01-19,UPI_COLLECT_PENDING,4,web
2025-01-20,BANK_TIMEOUT,7,android
2025-01-20,BANK_TIMEOUT,1,web
2025-01-20,PAYMENT_PROVIDER_ERROR,20,android
2025-01-20,PAYMENT_PROVIDER_ERROR,2,ios
2025-01-20,PAYMENT_PROVIDER_ERROR,6,web
2025-01-20,TRANSACTION_REVERSED,22,android
2025-01-20,TRANSACTION_REVERSED,2,ios
2025-01-20,TRANSACTION_REVERSED,4,web
2025-01-20,UPI_CALLBACK_TIMEOUT,14,android
2025-01-20,UPI_CALLBACK_TIMEOUT,2,ios
2025-01-20,UPI_CALLBACK_TIMEOUT,2,web
2025-01-20,UPI_COLLECT_PENDING,16,android
2025-01-20,UPI_COLLECT_PENDING,2,ios
2025-01-20,UPI_COLLECT_PENDING,2,web
2025-01-21,BANK_TIMEOUT,6,android
2025-01-21,BANK_TIMEOUT,2,ios
2025-01-21,BANK_TIMEOUT,1,web
2025-01-21,PAYMENT_PROVIDER_ERROR,13,android
2025-01-21,PAYMENT_PROVIDER_ERROR,2,ios
2025-01-21,PAYMENT_PROVIDER_ERROR,2,web
2025-01-21,TRANSACTION_REVERSED,17,android
2025-01-21,TRANSACTION_REVERSED,4,ios
2025-01-21,TRANSACTION_REVERSED,3,web
2025-01-21,UPI_CALLBACK_TIMEOUT,8,android
2025-01-21,UPI_CALLBACK_TIMEOUT,4,web
2025-01-21,UPI_COLLECT_PENDING,18,android
2025-01-21,UPI_COLLECT_PENDING,3,ios
2025-01-22,BANK_TIMEOUT,3,android
2025-01-22,PAYMENT_PROVIDER_ERROR,13,android
2025-01-22,PAYMENT_PROVIDER_ERROR,2,ios
2025-01-22,PAYMENT_PROVIDER_ERROR,4,web
2025-01-22,TRANSACTION_REVERSED,10,android
2025-01-22,TRANSACTION_REVERSED,5,ios
2025-01-22,TRANSACTION_REVERSED,8,web
2025-01-22,UPI_CALLBACK_TIMEOUT,7,android
2025-01-22,UPI_CALLBACK_TIMEOUT,1,web
2025-01-22,UPI_COLLECT_PENDING,10,android
2025-01-22,UPI_COLLECT_PENDING,4,ios
2025-01-22,UPI_COLLECT_PENDING,2,web
2025-01-23,BANK_TIMEOUT,4,android
2025-01-23,BANK_TIMEOUT,1,ios
2025-01-23,BANK_TIMEOUT,1,web
2025-01-23,PAYMENT_PROVIDER_ERROR,14,android
2025-01-23,PAYMENT_PROVIDER_ERROR,3,web
2025-01-23,TRANSACTION_REVERSED,19,android
2025-01-23,TRANSACTION_REVERSED,4,ios
2025-01-23,TRANSACTION_REVERSED,2,web
2025-01-23,UPI_CALLBACK_TIMEOUT,9,android
2025-01-23,UPI_COLLECT_PENDING,16,android
2025-01-23,UPI_COLLECT_PENDING,2,ios
2025-01-24,BANK_TIMEOUT,6,android
2025-01-24,BANK_TIMEOUT,1,ios
2025-01-24,PAYMENT_PROVIDER_ERROR,20,android
2025-01-24,PAYMENT_PROVIDER_ERROR,3,ios
2025-01-24,PAYMENT_PROVIDER_ERROR,7,web
2025-01-24,TRANSACTION_REVERSED,26,android
2025-01-24,TRANSACTION_REVERSED,5,ios
2025-01-24,TRANSACTION_REVERSED,7,web
2025-01-24,UPI_CALLBACK_TIMEOUT,13,android
2025-01-24,UPI_CALLBACK_TIMEOUT,3,ios
2025-01-24,UPI_CALLBACK_TIMEOUT,2,web
2025-01-24,UPI_COLLECT_PENDING,18,android
2025-01-24,UPI_COLLECT_PENDING,2,ios
2025-01-24,UPI_COLLECT_PENDING,4,web
2025-01-25,BANK_TIMEOUT,3,android
2025-01-25,BANK_TIMEOUT,2,ios
2025-01-25,BANK_TIMEOUT,1,web
2025-01-25,PAYMENT_PROVIDER_ERROR,27,android
2025-01-25,PAYMENT_PROVIDER_ERROR,6,ios
2025-01-25,PAYMENT_PROVIDER_ERROR,5,web
2025-01-25,TRANSACTION_REVERSED,13,android
2025-01-25,TRANSACTION_REVERSED,1,ios
2025-01-25,TRANSACTION_REVERSED,2,web
2025-01-25,UPI_CALLBACK_TIMEOUT,6,android
2025-01-25,UPI_CALLBACK_TIMEOUT,1,ios
2025-01-25,UPI_CALLBACK_TIMEOUT,1,web
2025-01-25,UPI_COLLECT_PENDING,13,android
2025-01-25,UPI_COLLECT_PENDING,7,ios
2025-01-25,UPI_COLLECT_PENDING,4,web
2025-01-26,BANK_TIMEOUT,7,android
2025-01-26,PAYMENT_PROVIDER_ERROR,27,android
2025-01-26,PAYMENT_PROVIDER_ERROR,5,ios
2025-01-26,PAYMENT_PROVIDER_ERROR,1,web
2025-01-26,TRANSACTION_REVERSED,17,android
2025-01-26,TRANSACTION_REVERSED,4,ios
2025-01-26,TRANSACTION_REVERSED,7,web
2025-01-26,UPI_CALLBACK_TIMEOUT,9,android
2025-01-26,UPI_CALLBACK_TIMEOUT,5,ios
2025-01-26,UPI_CALLBACK_TIMEOUT,1,web
2025-01-26,UPI_COLLECT_PENDING,14,android
2025-01-26,UPI_COLLECT_PENDING,4,ios
2025-01-26,UPI_COLLECT_PENDING,6,web
2025-01-27,BANK_TIMEOUT,4,android
2025-01-27,PAYMENT_PROVIDER_ERROR,15,android
2025-01-27,PAYMENT_PROVIDER_ERROR,3,ios
2025-01-27,PAYMENT_PROVIDER_ERROR,6,web
2025-01-27,TRANSACTION_REVERSED,26,android
2025-01-27,TRANSACTION_REVERSED,5,ios
2025-01-27,TRANSACTION_REVERSED,9,web
2025-01-27,UPI_CALLBACK_TIMEOUT,4,android
2025-01-27,UPI_CALLBACK_TIMEOUT,1,ios
2025-01-27,UPI_CALLBACK_TIMEOUT,1,web
2025-01-27,UPI_COLLECT_PENDING,8,android
2025-01-27,UPI_COLLECT_PENDING,2,ios
2025-01-27,UPI_COLLECT_PENDING,2,web
2025-01-28,BANK_TIMEOUT,1,android
2025-01-28,PAYMENT_PROVIDER_ERROR,17,android
2025-01-28,PAYMENT_PROVIDER_ERROR,1,ios
2025-01-28,TRANSACTION_REVERSED,22,android
2025-01-28,TRANSACTION_REVERSED,2,ios
2025-01-28,TRANSACTION_REVERSED,4,web
2025-01-28,UPI_CALLBACK_TIMEOUT,6,android
2025-01-28,UPI_CALLBACK_TIMEOUT,2,ios
2025-01-28,UPI_CALLBACK_TIMEOUT,3,web
2025-01-28,UPI_COLLECT_PENDING,10,android
2025-01-28,UPI_COLLECT_PENDING,2,ios
2025-01-28,UPI_COLLECT_PENDING,2,web
2025-01-29,BANK_TIMEOUT,6,android
2025-01-29,BANK_TIMEOUT,2,ios
2025-01-29,PAYMENT_PROVIDER_ERROR,22,android
2025-01-29,PAYMENT_PROVIDER_ERROR,3,ios
2025-01-29,PAYMENT_PROVIDER_ERROR,3,web
2025-01-29,TRANSACTION_REVERSED,9,android
2025-01-29,TRANSACTION_REVERSED,6,web
2025-01-29,UPI_CALLBACK_TIMEOUT,6,android
2025-01-29,UPI_CALLBACK_TIMEOUT,3,ios
2025-01-29,UPI_CALLBACK_TIMEOUT,1,web
2025-01-29,UPI_COLLECT_PENDING,12,android
2025-01-29,UPI_COLLECT_PENDING,4,ios
2025-01-29,UPI_COLLECT_PENDING,1,web
2025-01-30,BANK_TIMEOUT,6,android
2025-01-30,BANK_TIMEOUT,1,ios
2025-01-30,PAYMENT_PROVIDER_ERROR,9,android
2025-01-30,PAYMENT_PROVIDER_ERROR,3,ios
2025-01-30,PAYMENT_PROVIDER_ERROR,5,web
2025-01-30,TRANSACTION_REVERSED,21,android
2025-01-30,TRANSACTION_REVERSED,5,ios
2025-01-30,TRANSACTION_REVERSED,3,web
2025-01-30,UPI_CALLBACK_TIMEOUT,19,android
2025-01-30,UPI_CALLBACK_TIMEOUT,3,ios
2025-01-30,UPI_COLLECT_PENDING,15,android
2025-01-30,UPI_COLLECT_PENDING,1,ios
2025-01-30,UPI_COLLECT_PENDING,6,web
2025-01-31,BANK_TIMEOUT,4,android
2025-01-31,BANK_TIMEOUT,2,ios
2025-01-31,PAYMENT_PROVIDER_ERROR,23,android
2025-01-31,PAYMENT_PROVIDER_ERROR,4,ios
2025-01-31,PAYMENT_PROVIDER_ERROR,3,web
2025-01-31,TRANSACTION_REVERSED,10,android
2025-01-31,TRANSACTION_REVERSED,7,ios
2025-01-31,TRANSACTION_REVERSED,4,web
2025-01-31,UPI_CALLBACK_TIMEOUT,5,android
2025-01-31,UPI_CALLBACK_TIMEOUT,2,web
2025-01-31,UPI_COLLECT_PENDING,15,android
2025-01-31,UPI_COLLECT_PENDING,3,ios
2025-01-31,UPI_COLLECT_PENDING,5,web
2025-02-01,BANK_TIMEOUT,1,android
2025-02-01,PAYMENT_PROVIDER_ERROR,9,android
2025-02-01,PAYMENT_PROVIDER_ERROR,3,ios
2025-02-01,PAYMENT_PROVIDER_ERROR,4,web
2025-02-01,TRANSACTION_REVERSED,13,android
2025-02-01,TRANSACTION_REVERSED,2,ios
2025-02-01,TRANSACTION_REVERSED,4,web
2025-02-01,UPI_CALLBACK_TIMEOUT,4,android
2025-02-01,UPI_CALLBACK_TIMEOUT,1,web
2025-02-01,UPI_COLLECT_PENDING,16,android
2025-02-01,UPI_COLLECT_PENDING,2,web
2025-02-02,BANK_TIMEOUT,3,android
2025-02-02,PAYMENT_PROVIDER_ERROR,16,android
2025-02-02,PAYMENT_PROVIDER_ERROR,4,ios
2025-02-02,PAYMENT_PROVIDER_ERROR,2,web
2025-02-02,TRANSACTION_REVERSED,9,android
2025-02-02,TRANSACTION_REVERSED,1,ios
2025-02-02,TRANSACTION_REVERSED,5,web
2025-02-02,UPI_CALLBACK_TIMEOUT,5,android
2025-02-02,UPI_COLLECT_PENDING,17,android
2025-02-02,UPI_COLLECT_PENDING,6,web
2025-02-03,PAYMENT_PROVIDER_ERROR,11,android
2025-02-03,PAYMENT_PROVIDER_ERROR,3,ios
2025-02-03,PAYMENT_PROVIDER_ERROR,1,web
2025-02-03,TRANSACTION_REVERSED,14,android
2025-02-03,TRANSACTION_REVERSED,5,ios
2025-02-03,TRANSACTION_REVERSED,2,web
2025-02-03,UPI_CALLBACK_TIMEOUT,2,android
2025-02-03,UPI_COLLECT_PENDING,9,android
2025-02-03,UPI_COLLECT_PENDING,6,ios
2025-02-03,UPI_COLLECT_PENDING,1,web
2025-02-04,PAYMENT_PROVIDER_ERROR,17,android
2025-02-04,PAYMENT_PROVIDER_ERROR,2,ios
2025-02-04,TRANSACTION_REVERSED,17,android
2025-02-04,TRANSACTION_REVERSED,6,ios
2025-02-04,TRANSACTION_REVERSED,5,web
2025-02-04,UPI_CALLBACK_TIMEOUT,3,android
2025-02-04,UPI_CALLBACK_TIMEOUT,2,web
2025-02-04,UPI_COLLECT_PENDING,6,android
2025-02-04,UPI_COLLECT_PENDING,1,ios
2025-02-04,UPI_COLLECT_PENDING,2,web
2025-02-05,PAYMENT_PROVIDER_ERROR,11,android
2025-02-05,PAYMENT_PROVIDER_ERROR,2,ios
2025-02-05,PAYMENT_PROVIDER_ERROR,3,web
2025-02-05,TRANSACTION_REVERSED,7,android
2025-02-05,TRANSACTION_REVERSED,2,ios
2025-02-05,TRANSACTION_REVERSED,1,web
2025-02-05,UPI_CALLBACK_TIMEOUT,3,android
2025-02-05,UPI_CALLBACK_TIMEOUT,2,ios
2025-02-05,UPI_CALLBACK_TIMEOUT,2,web
2025-02-05,UPI_COLLECT_PENDING,5,android
2025-02-05,UPI_COLLECT_PENDING,4,ios
2025-02-05,UPI_COLLECT_PENDING,3,web
2025-02-06,BANK_TIMEOUT,1,android
2025-02-06,BANK_TIMEOUT,2,ios
2025-02-06,PAYMENT_PROVIDER_ERROR,12,android
2025-02-06,PAYMENT_PROVIDER_ERROR,3,ios
2025-02-06,TRANSACTION_REVERSED,9,android
2025-02-06,TRANSACTION_REVERSED,8,ios
2025-02-06,TRANSACTION_REVERSED,1,web
2025-02-06,UPI_CALLBACK_TIMEOUT,3,android
2025-02-06,UPI_CALLBACK_TIMEOUT,1,ios
2025-02-06,UPI_CALLBACK_TIMEOUT,1,web
2025-02-06,UPI_COLLECT_PENDING,10,android
2025-02-06,UPI_COLLECT_PENDING,6,web
2025-02-07,BANK_TIMEOUT,2,android
2025-02-07,PAYMENT_PROVIDER_ERROR,15,android
2025-02-07,PAYMENT_PROVIDER_ERROR,4,web
2025-02-07,TRANSACTION_REVERSED,10,android
2025-02-07,TRANSACTION_REVERSED,1,ios
2025-02-07,TRANSACTION_REVERSED,1,web
2025-02-07,UPI_CALLBACK_TIMEOUT,5,android
2025-02-07,UPI_CALLBACK_TIMEOUT,1,ios
2025-02-07,UPI_COLLECT_PENDING,13,android
2025-02-07,UPI_COLLECT_PENDING,2,ios
2025-02-08,BANK_TIMEOUT,2,android
2025-02-08,PAYMENT_PROVIDER_ERROR,12,android
2025-02-08,PAYMENT_PROVIDER_ERROR,2,ios
2025-02-08,PAYMENT_PROVIDER_ERROR,1,web
2025-02-08,TRANSACTION_REVERSED,16,android
2025-02-08,TRANSACTION_REVERSED,1,ios
2025-02-08,TRANSACTION_REVERSED,3,web
2025-02-08,UPI_CALLBACK_TIMEOUT,6,android
2025-02-08,UPI_CALLBACK_TIMEOUT,1,web
2025-02-08,UPI_COLLECT_PENDING,16,android
2025-02-08,UPI_COLLECT_PENDING,4,ios
2025-02-08,UPI_COLLECT_PENDING,4,web
2025-02-09,BANK_TIMEOUT,3,android
2025-02-09,PAYMENT_PROVIDER_ERROR,13,android
2025-02-09,PAYMENT_PROVIDER_ERROR,4,ios
2025-02-09,PAYMENT_PROVIDER_ERROR,2,web
2025-02-09,TRANSACTION_REVERSED,11,android
2025-02-09,TRANSACTION_REVERSED,3,ios
2025-02-09,TRANSACTION_REVERSED,4,web
2025-02-09,UPI_CALLBACK_TIMEOUT,6,android
2025-02-09,UPI_CALLBACK_TIMEOUT,1,web
2025-02-09,UPI_COLLECT_PENDING,8,android
2025-02-09,UPI_COLLECT_PENDING,3,ios
2025-02-09,UPI_COLLECT_PENDING,3,web
2025-02-10,BANK_TIMEOUT,1,android
2025-02-10,BANK_TIMEOUT,1,ios
2025-02-10,PAYMENT_PROVIDER_ERROR,6,android
2025-02-10,PAYMENT_PROVIDER_ERROR,1,ios
2025-02-10,PAYMENT_PROVIDER_ERROR,3,web
2025-02-10,TRANSACTION_REVERSED,13,android
2025-02-10,TRANSACTION_REVERSED,8,ios
2025-02-10,TRANSACTION_REVERSED,1,web
2025-02-10,UPI_CALLBACK_TIMEOUT,4,android
2025-02-10,UPI_CALLBACK_TIMEOUT,1,web
2025-02-10,UPI_COLLECT_PENDING,14,android
2025-02-10,UPI_COLLECT_PENDING,5,ios
2025-02-10,UPI_COLLECT_PENDING,2,web
2025-02-11,PAYMENT_PROVIDER_ERROR,10,android
2025-02-11,PAYMENT_PROVIDER_ERROR,5,ios
2025-02-11,PAYMENT_PROVIDER_ERROR,3,web
2025-02-11,TRANSACTION_REVERSED,16,android
2025-02-11,TRANSACTION_REVERSED,1,ios
2025-02-11,TRANSACTION_REVERSED,5,web
2025-02-11,UPI_CALLBACK_TIMEOUT,6,android
2025-02-11,UPI_COLLECT_PENDING,4,android
2025-02-11,UPI_COLLECT_PENDING,4,ios
2025-02-12,BANK_TIMEOUT,1,android
2025-02-12,BANK_TIMEOUT,1,ios
2025-02-12,PAYMENT_PROVIDER_ERROR,6,android
2025-02-12,PAYMENT_PROVIDER_ERROR,1,ios
2025-02-12,PAYMENT_PROVIDER_ERROR,2,web
2025-02-12,TRANSACTION_REVERSED,13,android
2025-02-12,TRANSACTION_REVERSED,5,ios
2025-02-12,TRANSACTION_REVERSED,4,web
2025-02-12,UPI_CALLBACK_TIMEOUT,3,android
2025-02-12,UPI_CALLBACK_TIMEOUT,1,web
2025-02-12,UPI_COLLECT_PENDING,5,android
2025-02-12,UPI_COLLECT_PENDING,3,ios
2025-02-12,UPI_COLLECT_PENDING,4,web
2025-02-13,BANK_TIMEOUT,1,android
2025-02-13,BANK_TIMEOUT,1,ios
2025-02-13,BANK_TIMEOUT,1,web
2025-02-13,PAYMENT_PROVIDER_ERROR,6,android
2025-02-13,PAYMENT_PROVIDER_ERROR,3,ios
2025-02-13,TRANSACTION_REVERSED,9,android
2025-02-13,TRANSACTION_REVERSED,3,ios
2025-02-13,TRANSACTION_REVERSED,7,web
2025-02-13,UPI_CALLBACK_TIMEOUT,1,android
2025-02-13,UPI_COLLECT_PENDING,8,android
2025-02-13,UPI_COLLECT_PENDING,3,ios
2025-02-13,UPI_COLLECT_PENDING,5,web
2025-02-14,BANK_TIMEOUT,1,android
2025-02-14,PAYMENT_PROVIDER_ERROR,8,android
2025-02-14,PAYMENT_PROVIDER_ERROR,1,ios
2025-02-14,PAYMENT_PROVIDER_ERROR,3,web
2025-02-14,TRANSACTION_REVERSED,12,android
2025-02-14,TRANSACTION_REVERSED,3,ios
2025-02-14,TRANSACTION_REVERSED,2,web
2025-02-14,UPI_CALLBACK_TIMEOUT,7,android
2025-02-14,UPI_CALLBACK_TIMEOUT,2,ios
2025-02-14,UPI_CALLBACK_TIMEOUT,2,web
2025-02-14,UPI_COLLECT_PENDING,14,android
2025-02-14,UPI_COLLECT_PENDING,4,ios
2025-02-14,UPI_COLLECT_PENDING,1,web
2025-02-15,BANK_TIMEOUT,1,web
2025-02-15,PAYMENT_PROVIDER_ERROR,12,android
2025-02-15,PAYMENT_PROVIDER_ERROR,1,ios
2025-02-15,PAYMENT_PROVIDER_ERROR,3,web
2025-02-15,TRANSACTION_REVERSED,10,android
2025-02-15,TRANSACTION_REVERSED,3,ios
2025-02-15,TRANSACTION_REVERSED,5,web
2025-02-15,UPI_CALLBACK_TIMEOUT,7,android
2025-02-15,UPI_CALLBACK_TIMEOUT,2,ios
2025-02-15,UPI_CALLBACK_TIMEOUT,1,web
2025-02-15,UPI_COLLECT_PENDING,13,android
2025-02-15,UPI_COLLECT_PENDING,4,ios
2025-02-15,UPI_COLLECT_PENDING,7,web
2025-02-16,BANK_TIMEOUT,1,android
2025-02-16,PAYMENT_PROVIDER_ERROR,3,android
2025-02-16,PAYMENT_PROVIDER_ERROR,1,ios
2025-02-16,PAYMENT_PROVIDER_ERROR,5,web
2025-02-16,TRANSACTION_REVERSED,15,android
2025-02-16,TRANSACTION_REVERSED,4,ios
2025-02-16,TRANSACTION_REVERSED,3,web
2025-02-16,UPI_CALLBACK_TIMEOUT,5,android
2025-02-16,UPI_CALLBACK_TIMEOUT,2,web
2025-02-16,UPI_COLLECT_PENDING,11,android
2025-02-16,UPI_COLLECT_PENDING,3,ios
2025-02-16,UPI_COLLECT_PENDING,4,web
2025-02-17,BANK_TIMEOUT,1,android
2025-02-17,PAYMENT_PROVIDER_ERROR,6,android
2025-02-17,PAYMENT_PROVIDER_ERROR,3,web
2025-02-17,TRANSACTION_REVERSED,12,android
2025-02-17,TRANSACTION_REVERSED,3,ios
2025-02-17,TRANSACTION_REVERSED,2,web
2025-02-17,UPI_CALLBACK_TIMEOUT,6,android
2025-02-17,UPI_CALLBACK_TIMEOUT,2,web
2025-02-17,UPI_COLLECT_PENDING,4,android
2025-02-17,UPI_COLLECT_PENDING,3,ios
2025-02-17,UPI_COLLECT_PENDING,3,web
2025-02-18,BANK_TIMEOUT,1,android
2025-02-18,PAYMENT_PROVIDER_ERROR,1,web
2025-02-18,TRANSACTION_REVERSED,11,android
2025-02-18,TRANSACTION_REVERSED,3,ios
2025-02-18,TRANSACTION_REVERSED,3,web
2025-02-18,UPI_CALLBACK_TIMEOUT,5,android
2025-02-18,UPI_CALLBACK_TIMEOUT,1,ios
2025-02-18,UPI_COLLECT_PENDING,7,android
2025-02-18,UPI_COLLECT_PENDING,1,ios
2025-02-18,UPI_COLLECT_PENDING,3,web
2025-02-19,BANK_TIMEOUT,1,android
2025-02-19,PAYMENT_PROVIDER_ERROR,10,android
2025-02-19,PAYMENT_PROVIDER_ERROR,3,ios
2025-02-19,PAYMENT_PROVIDER_ERROR,1,web
2025-02-19,TRANSACTION_REVERSED,6,android
2025-02-19,TRANSACTION_REVERSED,2,ios
2025-02-19,TRANSACTION_REVERSED,5,web
2025-02-19,UPI_CALLBACK_TIMEOUT,3,android
2025-02-19,UPI_CALLBACK_TIMEOUT,1,ios
2025-02-19,UPI_COLLECT_PENDING,6,android
2025-02-19,UPI_COLLECT_PENDING,2,ios
2025-02-19,UPI_COLLECT_PENDING,2,web
2025-02-20,BANK_TIMEOUT,1,android
2025-02-20,PAYMENT_PROVIDER_ERROR,5,android
2025-02-20,PAYMENT_PROVIDER_ERROR,3,ios
2025-02-20,PAYMENT_PROVIDER_ERROR,2,web
2025-02-20,TRANSACTION_REVERSED,13,android
2025-02-20,TRANSACTION_REVERSED,2,ios
2025-02-20,TRANSACTION_REVERSED,7,web
2025-02-20,UPI_CALLBACK_TIMEOUT,1,android
2025-02-20,UPI_CALLBACK_TIMEOUT,2,ios
2025-02-20,UPI_CALLBACK_TIMEOUT,2,web
2025-02-20,UPI_COLLECT_PENDING,10,android
2025-02-20,UPI_COLLECT_PENDING,1,ios
2025-02-21,BANK_TIMEOUT,1,android
2025-02-21,BANK_TIMEOUT,1,ios
2025-02-21,PAYMENT_PROVIDER_ERROR,5,android
2025-02-21,PAYMENT_PROVIDER_ERROR,1,ios
2025-02-21,PAYMENT_PROVIDER_ERROR,2,web
2025-02-21,TRANSACTION_REVERSED,9,android
2025-02-21,TRANSACTION_REVERSED,3,ios
2025-02-21,TRANSACTION_REVERSED,2,web
2025-02-21,UPI_CALLBACK_TIMEOUT,2,android
2025-02-21,UPI_COLLECT_PENDING,8,android
2025-02-21,UPI_COLLECT_PENDING,2,ios
2025-02-21,UPI_COLLECT_PENDING,1,web
2025-02-22,PAYMENT_PROVIDER_ERROR,5,android
2025-02-22,PAYMENT_PROVIDER_ERROR,1,ios
2025-02-22,PAYMENT_PROVIDER_ERROR,1,web
2025-02-22,TRANSACTION_REVERSED,9,android
2025-02-22,TRANSACTION_REVERSED,4,ios
2025-02-22,TRANSACTION_REVERSED,3,web
2025-02-22,UPI_CALLBACK_TIMEOUT,1,android
2025-02-22,UPI_COLLECT_PENDING,6,android
2025-02-22,UPI_COLLECT_PENDING,3,ios
2025-02-22,UPI_COLLECT_PENDING,5,web
2025-02-23,BANK_TIMEOUT,1,ios
2025-02-23,PAYMENT_PROVIDER_ERROR,10,android
2025-02-23,PAYMENT_PROVIDER_ERROR,4,ios
2025-02-23,PAYMENT_PROVIDER_ERROR,2,web
2025-02-23,TRANSACTION_REVERSED,9,android
2025-02-23,TRANSACTION_REVERSED,3,ios
2025-02-23,TRANSACTION_REVERSED,3,web
2025-02-23,UPI_CALLBACK_TIMEOUT,3,android
2025-02-23,UPI_CALLBACK_TIMEOUT,2,ios
2025-02-23,UPI_CALLBACK_TIMEOUT,5,web
2025-02-23,UPI_COLLECT_PENDING,8,android
2025-02-23,UPI_COLLECT_PENDING,2,ios
2025-02-23,UPI_COLLECT_PENDING,4,web
2025-02-24,PAYMENT_PROVIDER_ERROR,7,android
2025-02-24,PAYMENT_PROVIDER_ERROR,1,ios
2025-02-24,PAYMENT_PROVIDER_ERROR,4,web
2025-02-24,TRANSACTION_REVERSED,8,android
2025-02-24,TRANSACTION_REVERSED,6,ios
2025-02-24,TRANSACTION_REVERSED,9,web
2025-02-24,UPI_CALLBACK_TIMEOUT,2,android
2025-02-24,UPI_CALLBACK_TIMEOUT,1,web
2025-02-24,UPI_COLLECT_PENDING,4,android
2025-02-24,UPI_COLLECT_PENDING,1,ios
2025-02-24,UPI_COLLECT_PENDING,3,web
2025-02-25,BANK_TIMEOUT,1,web
2025-02-25,PAYMENT_PROVIDER_ERROR,6,android
2025-02-25,PAYMENT_PROVIDER_ERROR,2,ios
2025-02-25,PAYMENT_PROVIDER_ERROR,1,web
2025-02-25,TRANSACTION_REVERSED,14,android
2025-02-25,TRANSACTION_REVERSED,2,ios
2025-02-25,TRANSACTION_REVERSED,2,web
2025-02-25,UPI_CALLBACK_TIMEOUT,2,android
2025-02-25,UPI_CALLBACK_TIMEOUT,2,web
2025-02-25,UPI_COLLECT_PENDING,9,android
2025-02-25,UPI_COLLECT_PENDING,3,ios
2025-02-25,UPI_COLLECT_PENDING,3,web
2025-02-26,PAYMENT_PROVIDER_ERROR,10,android
2025-02-26,PAYMENT_PROVIDER_ERROR,1,ios
2025-02-26,PAYMENT_PROVIDER_ERROR,3,web
2025-02-26,TRANSACTION_REVERSED,10,android
2025-02-26,TRANSACTION_REVERSED,2,ios
2025-02-26,TRANSACTION_REVERSED,4,web
2025-02-26,UPI_CALLBACK_TIMEOUT,2,android
2025-02-26,UPI_CALLBACK_TIMEOUT,1,ios
2025-02-26,UPI_CALLBACK_TIMEOUT,1,web
2025-02-26,UPI_COLLECT_PENDING,7,android
2025-02-26,UPI_COLLECT_PENDING,5,ios
2025-02-26,UPI_COLLECT_PENDING,4,web
2025-02-27,BANK_TIMEOUT,1,android
2025-02-27,PAYMENT_PROVIDER_ERROR,10,android
2025-02-27,PAYMENT_PROVIDER_ERROR,3,ios
2025-02-27,PAYMENT_PROVIDER_ERROR,2,web
2025-02-27,TRANSACTION_REVERSED,12,android
2025-02-27,TRANSACTION_REVERSED,3,ios
2025-02-27,TRANSACTION_REVERSED,4,web
2025-02-27,UPI_CALLBACK_TIMEOUT,4,android
2025-02-27,UPI_CALLBACK_TIMEOUT,2,web
2025-02-27,UPI_COLLECT_PENDING,7,android
2025-02-27,UPI_COLLECT_PENDING,3,ios
2025-02-27,UPI_COLLECT_PENDING,4,web
2025-02-28,PAYMENT_PROVIDER_ERROR,6,android
2025-02-28,PAYMENT_PROVIDER_ERROR,3,ios
2025-02-28,PAYMENT_PROVIDER_ERROR,1,web
2025-02-28,TRANSACTION_REVERSED,11,android
2025-02-28,TRANSACTION_REVERSED,2,ios
2025-02-28,TRANSACTION_REVERSED,6,web
2025-02-28,UPI_CALLBACK_TIMEOUT,4,android
2025-02-28,UPI_CALLBACK_TIMEOUT,1,web
2025-02-28,UPI_COLLECT_PENDING,7,android
2025-02-28,UPI_COLLECT_PENDING,4,ios
2025-02-28,UPI_COLLECT_PENDING,2,web
2025-03-01,BANK_TIMEOUT,1,android
2025-03-01,PAYMENT_PROVIDER_ERROR,10,android
2025-03-01,PAYMENT_PROVIDER_ERROR,4,ios
2025-03-01,PAYMENT_PROVIDER_ERROR,6,web
2025-03-01,TRANSACTION_REVERSED,13,android
2025-03-01,TRANSACTION_REVERSED,2,ios
2025-03-01,TRANSACTION_REVERSED,4,web
2025-03-01,UPI_CALLBACK_TIMEOUT,2,android
2025-03-01,UPI_CALLBACK_TIMEOUT,1,ios
2025-03-01,UPI_CALLBACK_TIMEOUT,1,web
2025-03-01,UPI_COLLECT_PENDING,8,android
2025-03-01,UPI_COLLECT_PENDING,2,ios
2025-03-01,UPI_COLLECT_PENDING,3,web
2025-03-02,BANK_TIMEOUT,1,android
2025-03-02,PAYMENT_PROVIDER_ERROR,7,android
2025-03-02,PAYMENT_PROVIDER_ERROR,4,ios
2025-03-02,PAYMENT_PROVIDER_ERROR,2,web
2025-03-02,TRANSACTION_REVERSED,11,android
2025-03-02,TRANSACTION_REVERSED,4,ios
2025-03-02,TRANSACTION_REVERSED,2,web
2025-03-02,UPI_CALLBACK_TIMEOUT,2,android
2025-03-02,UPI_CALLBACK_TIMEOUT,3,ios
2025-03-02,UPI_CALLBACK_TIMEOUT,1,web
2025-03-02,UPI_COLLECT_PENDING,7,android
2025-03-02,UPI_COLLECT_PENDING,2,ios
2025-03-02,UPI_COLLECT_PENDING,1,web
2025-03-03,PAYMENT_PROVIDER_ERROR,10,android
2025-03-03,PAYMENT_PROVIDER_ERROR,1,ios
2025-03-03,PAYMENT_PROVIDER_ERROR,3,web
2025-03-03,TRANSACTION_REVERSED,11,android
2025-03-03,TRANSACTION_REVERSED,4,ios
2025-03-03,TRANSACTION_REVERSED,7,web
2025-03-03,UPI_CALLBACK_TIMEOUT,6,android
2025-03-03,UPI_CALLBACK_TIMEOUT,2,ios
2025-03-03,UPI_CALLBACK_TIMEOUT,2,web
2025-03-03,UPI_COLLECT_PENDING,9,android
2025-03-03,UPI_COLLECT_PENDING,3,ios
2025-03-03,UPI_COLLECT_PENDING,3,web
2025-03-04,BANK_TIMEOUT,1,web
2025-03-04,PAYMENT_PROVIDER_ERROR,8,android
2025-03-04,PAYMENT_PROVIDER_ERROR,3,ios
2025-03-04,PAYMENT_PROVIDER_ERROR,1,web
2025-03-04,TRANSACTION_REVERSED,6,android
2025-03-04,TRANSACTION_REVERSED,1,ios
2025-03-04,TRANSACTION_REVERSED,4,web
2025-03-04,UPI_CALLBACK_TIMEOUT,3,android
2025-03-04,UPI_CALLBACK_TIMEOUT,2,ios
2025-03-04,UPI_COLLECT_PENDING,9,android
2025-03-04,UPI_COLLECT_PENDING,1,ios
2025-03-04,UPI_COLLECT_PENDING,5,web
2025-03-05,PAYMENT_PROVIDER_ERROR,10,android
2025-03-05,PAYMENT_PROVIDER_ERROR,3,ios
2025-03-05,PAYMENT_PROVIDER_ERROR,2,web
2025-03-05,TRANSACTION_REVERSED,12,android
2025-03-05,TRANSACTION_REVERSED,4,ios
2025-03-05,TRANSACTION_REVERSED,7,web
2025-03-05,UPI_CALLBACK_TIMEOUT,1,web
2025-03-05,UPI_COLLECT_PENDING,5,android
2025-03-05,UPI_COLLECT_PENDING,1,ios
2025-03-05,UPI_COLLECT_PENDING,2,web
2025-03-06,BANK_TIMEOUT,1,ios
2025-03-06,PAYMENT_PROVIDER_ERROR,4,android
2025-03-06,PAYMENT_PROVIDER_ERROR,1,ios
2025-03-06,PAYMENT_PROVIDER_ERROR,3,web
2025-03-06,TRANSACTION_REVERSED,10,android
2025-03-06,TRANSACTION_REVERSED,2,ios
2025-03-06,TRANSACTION_REVERSED,2,web
2025-03-06,UPI_CALLBACK_TIMEOUT,4,android
2025-03-06,UPI_CALLBACK_TIMEOUT,1,ios
2025-03-06,UPI_CALLBACK_TIMEOUT,2,web
2025-03-06,UPI_COLLECT_PENDING,10,android
2025-03-06,UPI_COLLECT_PENDING,1,ios
2025-03-06,UPI_COLLECT_PENDING,5,web
2025-03-07,BANK_TIMEOUT,1,ios
2025-03-07,PAYMENT_PROVIDER_ERROR,5,android
2025-03-07,PAYMENT_PROVIDER_ERROR,2,ios
2025-03-07,PAYMENT_PROVIDER_ERROR,4,web
2025-03-07,TRANSACTION_REVERSED,12,android
2025-03-07,TRANSACTION_REVERSED,3,ios
2025-03-07,TRANSACTION_REVERSED,5,web
2025-03-07,UPI_CALLBACK_TIMEOUT,2,android
2025-03-07,UPI_CALLBACK_TIMEOUT,2,web
2025-03-07,UPI_COLLECT_PENDING,7,android
2025-03-07,UPI_COLLECT_PENDING,1,ios
2025-03-07,UPI_COLLECT_PENDING,1,web
2025-03-08,BANK_TIMEOUT,2,android
2025-03-08,BANK_TIMEOUT,1,ios
2025-03-08,PAYMENT_PROVIDER_ERROR,7,android
2025-03-08,PAYMENT_PROVIDER_ERROR,3,ios
2025-03-08,TRANSACTION_REVERSED,16,android
2025-03-08,TRANSACTION_REVERSED,4,ios
2025-03-08,TRANSACTION_REVERSED,3,web
2025-03-08,UPI_CALLBACK_TIMEOUT,4,android
2025-03-08,UPI_CALLBACK_TIMEOUT,1,ios
2025-03-08,UPI_CALLBACK_TIMEOUT,3,web
2025-03-08,UPI_COLLECT_PENDING,6,android
2025-03-08,UPI_COLLECT_PENDING,2,ios
2025-03-08,UPI_COLLECT_PENDING,1,web
2025-03-09,BANK_TIMEOUT,3,android
2025-03-09,PAYMENT_PROVIDER_ERROR,5,android
2025-03-09,PAYMENT_PROVIDER_ERROR,1,ios
2025-03-09,PAYMENT_PROVIDER_ERROR,2,web
2025-03-09,TRANSACTION_REVERSED,11,android
2025-03-09,TRANSACTION_REVERSED,1,ios
2025-03-09,TRANSACTION_REVERSED,2,web
2025-03-09,UPI_CALLBACK_TIMEOUT,3,android
2025-03-09,UPI_CALLBACK_TIMEOUT,1,web
2025-03-09,UPI_COLLECT_PENDING,9,android
2025-03-09,UPI_COLLECT_PENDING,3,ios
2025-03-09,UPI_COLLECT_PENDING,4,web
2025-03-10,BANK_TIMEOUT,1,ios
2025-03-10,PAYMENT_PROVIDER_ERROR,6,android
2025-03-10,PAYMENT_PROVIDER_ERROR,4,ios
2025-03-10,PAYMENT_PROVIDER_ERROR,1,web
2025-03-10,TRANSACTION_REVERSED,6,android
2025-03-10,TRANSACTION_REVERSED,3,ios
2025-03-10,TRANSACTION_REVERSED,6,web
2025-03-10,UPI_CALLBACK_TIMEOUT,5,android
2025-03-10,UPI_CALLBACK_TIMEOUT,3,ios
2025-03-10,UPI_CALLBACK_TIMEOUT,1,web
2025-03-10,UPI_COLLECT_PENDING,9,android
2025-03-10,UPI_COLLECT_PENDING,3,ios
2025-03-10,UPI_COLLECT_PENDING,7,web
2025-03-11,PAYMENT_PROVIDER_ERROR,8,android
2025-03-11,PAYMENT_PROVIDER_ERROR,1,ios
2025-03-11,PAYMENT_PROVIDER_ERROR,2,web
2025-03-11,TRANSACTION_REVERSED,15,android
2025-03-11,TRANSACTION_REVERSED,3,ios
2025-03-11,TRANSACTION_REVERSED,6,web
2025-03-11,UPI_CALLBACK_TIMEOUT,3,android
2025-03-11,UPI_CALLBACK_TIMEOUT,1,ios
2025-03-11,UPI_CALLBACK_TIMEOUT,3,web
2025-03-11,UPI_COLLECT_PENDING,4,android
2025-03-11,UPI_COLLECT_PENDING,5,ios
2025-03-11,UPI_COLLECT_PENDING,1,web
2025-03-12,PAYMENT_PROVIDER_ERROR,12,android
2025-03-12,TRANSACTION_REVERSED,5,android
2025-03-12,TRANSACTION_REVERSED,2,ios
2025-03-12,TRANSACTION_REVERSED,6,web
2025-03-12,UPI_CALLBACK_TIMEOUT,3,android
2025-03-12,UPI_CALLBACK_TIMEOUT,1,ios
2025-03-12,UPI_COLLECT_PENDING,6,android
2025-03-12,UPI_COLLECT_PENDING,4,ios
2025-03-12,UPI_COLLECT_PENDING,4,web
2025-03-13,BANK_TIMEOUT,1,android
2025-03-13,PAYMENT_PROVIDER_ERROR,10,android
2025-03-13,PAYMENT_PROVIDER_ERROR,4,ios
2025-03-13,PAYMENT_PROVIDER_ERROR,2,web
2025-03-13,TRANSACTION_REVERSED,8,android
2025-03-13,TRANSACTION_REVERSED,3,ios
2025-03-13,TRANSACTION_REVERSED,3,web
2025-03-13,UPI_CALLBACK_TIMEOUT,1,android
2025-03-13,UPI_CALLBACK_TIMEOUT,1,web
2025-03-13,UPI_COLLECT_PENDING,10,android
2025-03-13,UPI_COLLECT_PENDING,1,ios
2025-03-13,UPI_COLLECT_PENDING,3,web
2025-03-14,PAYMENT_PROVIDER_ERROR,5,android
2025-03-14,PAYMENT_PROVIDER_ERROR,4,ios
2025-03-14,PAYMENT_PROVIDER_ERROR,4,web
2025-03-14,TRANSACTION_REVERSED,9,android
2025-03-14,TRANSACTION_REVERSED,1,ios
2025-03-14,TRANSACTION_REVERSED,3,web
2025-03-14,UPI_CALLBACK_TIMEOUT,5,android
2025-03-14,UPI_CALLBACK_TIMEOUT,1,ios
2025-03-14,UPI_CALLBACK_TIMEOUT,3,web
2025-03-14,UPI_COLLECT_PENDING,11,android
2025-03-14,UPI_COLLECT_PENDING,3,ios
2025-03-14,UPI_COLLECT_PENDING,2,web
2025-03-15,BANK_TIMEOUT,1,android
2025-03-15,PAYMENT_PROVIDER_ERROR,5,android
2025-03-15,PAYMENT_PROVIDER_ERROR,2,ios
2025-03-15,PAYMENT_PROVIDER_ERROR,1,web
2025-03-15,TRANSACTION_REVERSED,16,android
2025-03-15,TRANSACTION_REVERSED,1,ios
2025-03-15,TRANSACTION_REVERSED,2,web
2025-03-15,UPI_CALLBACK_TIMEOUT,1,android
2025-03-15,UPI_CALLBACK_TIMEOUT,1,ios
2025-03-15,UPI_CALLBACK_TIMEOUT,1,web
2025-03-15,UPI_COLLECT_PENDING,14,android
2025-03-15,UPI_COLLECT_PENDING,4,ios
2025-03-15,UPI_COLLECT_PENDING,6,web
2025-03-16,BANK_TIMEOUT,1,android
2025-03-16,BANK_TIMEOUT,2,ios
2025-03-16,PAYMENT_PROVIDER_ERROR,4,android
2025-03-16,PAYMENT_PROVIDER_ERROR,1,ios
2025-03-16,PAYMENT_PROVIDER_ERROR,4,web
2025-03-16,TRANSACTION_REVERSED,9,android
2025-03-16,TRANSACTION_REVERSED,3,ios
2025-03-16,TRANSACTION_REVERSED,7,web
2025-03-16,UPI_CALLBACK_TIMEOUT,2,android
2025-03-16,UPI_CALLBACK_TIMEOUT,1,ios
2025-03-16,UPI_CALLBACK_TIMEOUT,1,web
2025-03-16,UPI_COLLECT_PENDING,5,android
2025-03-16,UPI_COLLECT_PENDING,3,ios
2025-03-16,UPI_COLLECT_PENDING,3,web
2025-03-17,BANK_TIMEOUT,3,android
2025-03-17,PAYMENT_PROVIDER_ERROR,5,android
2025-03-17,PAYMENT_PROVIDER_ERROR,2,ios
2025-03-17,PAYMENT_PROVIDER_ERROR,3,web
2025-03-17,TRANSACTION_REVERSED,10,android
2025-03-17,TRANSACTION_REVERSED,2,web
2025-03-17,UPI_CALLBACK_TIMEOUT,1,android
2025-03-17,UPI_CALLBACK_TIMEOUT,1,ios
2025-03-17,UPI_COLLECT_PENDING,6,android
2025-03-17,UPI_COLLECT_PENDING,1,ios
2025-03-17,UPI_COLLECT_PENDING,2,web
2025-03-18,BANK_TIMEOUT,1,android
2025-03-18,BANK_TIMEOUT,1,ios
2025-03-18,PAYMENT_PROVIDER_ERROR,4,android
2025-03-18,PAYMENT_PROVIDER_ERROR,1,ios
2025-03-18,PAYMENT_PROVIDER_ERROR,2,web
2025-03-18,TRANSACTION_REVERSED,14,android
2025-03-18,TRANSACTION_REVERSED,1,ios
2025-03-18,TRANSACTION_REVERSED,5,web
2025-03-18,UPI_CALLBACK_TIMEOUT,4,android
2025-03-18,UPI_CALLBACK_TIMEOUT,1,ios
2025-03-18,UPI_CALLBACK_TIMEOUT,3,web
2025-03-18,UPI_COLLECT_PENDING,12,android
2025-03-18,UPI_COLLECT_PENDING,2,ios
2025-03-19,PAYMENT_PROVIDER_ERROR,6,android
2025-03-19,PAYMENT_PROVIDER_ERROR,1,ios
2025-03-19,PAYMENT_PROVIDER_ERROR,4,web
2025-03-19,TRANSACTION_REVERSED,16,android
2025-03-19,TRANSACTION_REVERSED,4,ios
2025-03-19,TRANSACTION_REVERSED,3,web
2025-03-19,UPI_CALLBACK_TIMEOUT,6,android
2025-03-19,UPI_COLLECT_PENDING,7,android
2025-03-19,UPI_COLLECT_PENDING,1,ios
2025-03-19,UPI_COLLECT_PENDING,4,web
2025-03-20,PAYMENT_PROVIDER_ERROR,7,android
2025-03-20,PAYMENT_PROVIDER_ERROR,4,ios
2025-03-20,PAYMENT_PROVIDER_ERROR,2,web
2025-03-20,TRANSACTION_REVERSED,15,android
2025-03-20,TRANSACTION_REVERSED,5,ios
2025-03-20,TRANSACTION_REVERSED,6,web
2025-03-20,UPI_CALLBACK_TIMEOUT,1,ios
2025-03-20,UPI_CALLBACK_TIMEOUT,1,web
2025-03-20,UPI_COLLECT_PENDING,6,android
2025-03-20,UPI_COLLECT_PENDING,6,ios
2025-03-20,UPI_COLLECT_PENDING,1,web
2025-03-21,PAYMENT_PROVIDER_ERROR,4,android
2025-03-21,PAYMENT_PROVIDER_ERROR,3,ios
2025-03-21,PAYMENT_PROVIDER_ERROR,8,web
2025-03-21,TRANSACTION_REVERSED,13,android
2025-03-21,TRANSACTION_REVERSED,2,ios
2025-03-21,TRANSACTION_REVERSED,3,web
2025-03-21,UPI_CALLBACK_TIMEOUT,5,android
2025-03-21,UPI_CALLBACK_TIMEOUT,2,ios
2025-03-21,UPI_COLLECT_PENDING,8,android
2025-03-21,UPI_COLLECT_PENDING,1,ios
2025-03-21,UPI_COLLECT_PENDING,5,web
2025-03-22,BANK_TIMEOUT,2,android
2025-03-22,BANK_TIMEOUT,1,ios
2025-03-22,PAYMENT_PROVIDER_ERROR,6,android
2025-03-22,PAYMENT_PROVIDER_ERROR,2,web
2025-03-22,TRANSACTION_REVERSED,5,android
2025-03-22,TRANSACTION_REVERSED,5,ios
2025-03-22,TRANSACTION_REVERSED,5,web
2025-03-22,UPI_CALLBACK_TIMEOUT,1,android
2025-03-22,UPI_CALLBACK_TIMEOUT,1,web
2025-03-22,UPI_COLLECT_PENDING,10,android
2025-03-22,UPI_COLLECT_PENDING,2,ios
2025-03-22,UPI_COLLECT_PENDING,2,web
2025-03-23,BANK_TIMEOUT,1,android
2025-03-23,PAYMENT_PROVIDER_ERROR,9,android
2025-03-23,PAYMENT_PROVIDER_ERROR,3,ios
2025-03-23,PAYMENT_PROVIDER_ERROR,3,web
2025-03-23,TRANSACTION_REVERSED,10,android
2025-03-23,TRANSACTION_REVERSED,4,ios
2025-03-23,TRANSACTION_REVERSED,6,web
2025-03-23,UPI_CALLBACK_TIMEOUT,3,android
2025-03-23,UPI_CALLBACK_TIMEOUT,1,ios
2025-03-23,UPI_CALLBACK_TIMEOUT,1,web
2025-03-23,UPI_COLLECT_PENDING,6,android
2025-03-23,UPI_COLLECT_PENDING,5,ios
2025-03-23,UPI_COLLECT_PENDING,2,web
2025-03-24,PAYMENT_PROVIDER_ERROR,5,android
2025-03-24,PAYMENT_PROVIDER_ERROR,4,web
2025-03-24,TRANSACTION_REVERSED,8,android
2025-03-24,TRANSACTION_REVERSED,1,ios
2025-03-24,TRANSACTION_REVERSED,2,web
2025-03-24,UPI_COLLECT_PENDING,15,android
2025-03-24,UPI_COLLECT_PENDING,3,ios
2025-03-24,UPI_COLLECT_PENDING,3,web
2025-03-25,BANK_TIMEOUT,1,android
2025-03-25,BANK_TIMEOUT,1,web
2025-03-25,PAYMENT_PROVIDER_ERROR,5,android
2025-03-25,PAYMENT_PROVIDER_ERROR,2,ios
2025-03-25,PAYMENT_PROVIDER_ERROR,4,web
2025-03-25,TRANSACTION_REVERSED,12,android
2025-03-25,TRANSACTION_REVERSED,1,ios
2025-03-25,TRANSACTION_REVERSED,3,web
2025-03-25,UPI_CALLBACK_TIMEOUT,5,android
2025-03-25,UPI_CALLBACK_TIMEOUT,1,ios
2025-03-25,UPI_CALLBACK_TIMEOUT,1,web
2025-03-25,UPI_COLLECT_PENDING,4,android
2025-03-25,UPI_COLLECT_PENDING,3,ios
2025-03-25,UPI_COLLECT_PENDING,7,web
2025-03-26,PAYMENT_PROVIDER_ERROR,5,android
2025-03-26,PAYMENT_PROVIDER_ERROR,2,ios
2025-03-26,PAYMENT_PROVIDER_ERROR,1,web
2025-03-26,TRANSACTION_REVERSED,9,android
2025-03-26,TRANSACTION_REVERSED,3,ios
2025-03-26,TRANSACTION_REVERSED,4,web
2025-03-26,UPI_CALLBACK_TIMEOUT,3,android
2025-03-26,UPI_CALLBACK_TIMEOUT,1,ios
2025-03-26,UPI_CALLBACK_TIMEOUT,1,web
2025-03-26,UPI_COLLECT_PENDING,10,android
2025-03-26,UPI_COLLECT_PENDING,4,ios
2025-03-26,UPI_COLLECT_PENDING,2,web
2025-03-27,PAYMENT_PROVIDER_ERROR,6,android
2025-03-27,PAYMENT_PROVIDER_ERROR,4,ios
2025-03-27,PAYMENT_PROVIDER_ERROR,5,web
2025-03-27,TRANSACTION_REVERSED,11,android
2025-03-27,TRANSACTION_REVERSED,2,ios
2025-03-27,TRANSACTION_REVERSED,3,web
2025-03-27,UPI_CALLBACK_TIMEOUT,1,android
2025-03-27,UPI_CALLBACK_TIMEOUT,1,ios
2025-03-27,UPI_COLLECT_PENDING,11,android
2025-03-27,UPI_COLLECT_PENDING,2,ios
2025-03-27,UPI_COLLECT_PENDING,3,web
2025-03-28,PAYMENT_PROVIDER_ERROR,3,android
2025-03-28,PAYMENT_PROVIDER_ERROR,2,ios
2025-03-28,PAYMENT_PROVIDER_ERROR,2,web
2025-03-28,TRANSACTION_REVERSED,6,android
2025-03-28,TRANSACTION_REVERSED,5,ios
2025-03-28,TRANSACTION_REVERSED,1,web
2025-03-28,UPI_CALLBACK_TIMEOUT,3,android
2025-03-28,UPI_CALLBACK_TIMEOUT,2,web
2025-03-28,UPI_COLLECT_PENDING,7,android
2025-03-28,UPI_COLLECT_PENDING,1,ios
2025-03-28,UPI_COLLECT_PENDING,3,web
2025-03-29,BANK_TIMEOUT,1,android
2025-03-29,PAYMENT_PROVIDER_ERROR,8,android
2025-03-29,PAYMENT_PROVIDER_ERROR,1,ios
2025-03-29,PAYMENT_PROVIDER_ERROR,3,web
2025-03-29,TRANSACTION_REVERSED,8,android
2025-03-29,TRANSACTION_REVERSED,6,ios
2025-03-29,TRANSACTION_REVERSED,7,web
2025-03-29,UPI_CALLBACK_TIMEOUT,1,android
2025-03-29,UPI_COLLECT_PENDING,7,android
2025-03-29,UPI_COLLECT_PENDING,2,ios
2025-03-29,UPI_COLLECT_PENDING,4,web
2025-03-30,BANK_TIMEOUT,1,android
2025-03-30,PAYMENT_PROVIDER_ERROR,12,android
2025-03-30,PAYMENT_PROVIDER_ERROR,2,ios
2025-03-30,PAYMENT_PROVIDER_ERROR,4,web
2025-03-30,TRANSACTION_REVERSED,15,android
2025-03-30,TRANSACTION_REVERSED,5,ios
2025-03-30,TRANSACTION_REVERSED,6,web
2025-03-30,UPI_CALLBACK_TIMEOUT,6,android
2025-03-30,UPI_CALLBACK_TIMEOUT,2,ios
2025-03-30,UPI_CALLBACK_TIMEOUT,1,web
2025-03-30,UPI_COLLECT_PENDING,6,android
2025-03-30,UPI_COLLECT_PENDING,5,ios
2025-03-30,UPI_COLLECT_PENDING,5,web
2025-03-31,PAYMENT_PROVIDER_ERROR,7,android
2025-03-31,PAYMENT_PROVIDER_ERROR,4,ios
2025-03-31,TRANSACTION_REVERSED,11,android
2025-03-31,TRANSACTION_REVERSED,2,ios
2025-03-31,TRANSACTION_REVERSED,5,web
2025-03-31,UPI_CALLBACK_TIMEOUT,1,ios
2025-03-31,UPI_CALLBACK_TIMEOUT,2,web
2025-03-31,UPI_COLLECT_PENDING,5,android
2025-03-31,UPI_COLLECT_PENDING,1,ios
2025-03-31,UPI_COLLECT_PENDING,3,web
